material,potential,property,reference,predicted,unit,nist_id,doi,pair_style
Al,Mishin-1999,C11,108.2,113.795813300331,GPa,1999--Mishin-Y--Al--LAMMPS--ipr1,10.1103/physrevb.59.3393,eam/alloy
Al,Mishin-1999,C12,61.3,61.5547453947956,GPa,1999--Mishin-Y--Al--LAMMPS--ipr1,10.1103/physrevb.59.3393,eam/alloy
Al,Mishin-1999,C44,28.5,31.5945751531879,GPa,1999--Mishin-Y--Al--LAMMPS--ipr1,10.1103/physrevb.59.3393,eam/alloy
Al,Mishin-1999,a0,4.05,4.05000466178543,A,1999--Mishin-Y--Al--LAMMPS--ipr1,10.1103/physrevb.59.3393,eam/alloy
Al,Mishin-1999,Ecoh,-3.39,-3.35999998818269,eV/atom,1999--Mishin-Y--Al--LAMMPS--ipr1,10.1103/physrevb.59.3393,eam/alloy
Al,Sturgeon-2000,C11,108.2,94.6182749190722,GPa,2000--Sturgeon-J-B--Al--LAMMPS--ipr1,10.1103/physrevb.62.14720,eam/fs
Al,Sturgeon-2000,C12,61.3,68.1798349332263,GPa,2000--Sturgeon-J-B--Al--LAMMPS--ipr1,10.1103/physrevb.62.14720,eam/fs
Al,Sturgeon-2000,C44,28.5,42.4708883959332,GPa,2000--Sturgeon-J-B--Al--LAMMPS--ipr1,10.1103/physrevb.62.14720,eam/fs
Al,Sturgeon-2000,a0,4.05,4.05001021751104,A,2000--Sturgeon-J-B--Al--LAMMPS--ipr1,10.1103/physrevb.62.14720,eam/fs
Al,Sturgeon-2000,Ecoh,-3.39,-3.3900019328239,eV/atom,2000--Sturgeon-J-B--Al--LAMMPS--ipr1,10.1103/physrevb.62.14720,eam/fs
Al,Zope-2003,C11,108.2,116.815477508487,GPa,2003--Zope-R-R--Al--LAMMPS--ipr1,10.1103/physrevb.68.024102,eam/alloy
Al,Zope-2003,C12,61.3,60.1172244765783,GPa,2003--Zope-R-R--Al--LAMMPS--ipr1,10.1103/physrevb.68.024102,eam/alloy
Al,Zope-2003,C44,28.5,31.6596214477491,GPa,2003--Zope-R-R--Al--LAMMPS--ipr1,10.1103/physrevb.68.024102,eam/alloy
Al,Zope-2003,a0,4.05,4.04999996753358,A,2003--Zope-R-R--Al--LAMMPS--ipr1,10.1103/physrevb.68.024102,eam/alloy
Al,Zope-2003,Ecoh,-3.39,-3.36000002290445,eV/atom,2003--Zope-R-R--Al--LAMMPS--ipr1,10.1103/physrevb.68.024102,eam/alloy
Al,Liu-2004,C11,108.2,118.93868000055,GPa,2004--Liu-X-Y--Al--LAMMPS--ipr1,10.1088/0965-0393/12/4/007,eam/alloy
Al,Liu-2004,C12,61.3,62.8996320228488,GPa,2004--Liu-X-Y--Al--LAMMPS--ipr1,10.1088/0965-0393/12/4/007,eam/alloy
Al,Liu-2004,C44,28.5,32.9722106744811,GPa,2004--Liu-X-Y--Al--LAMMPS--ipr1,10.1088/0965-0393/12/4/007,eam/alloy
Al,Liu-2004,a0,4.05,4.03196044031461,A,2004--Liu-X-Y--Al--LAMMPS--ipr1,10.1088/0965-0393/12/4/007,eam/alloy
Al,Liu-2004,Ecoh,-3.39,-3.36000036977678,eV/atom,2004--Liu-X-Y--Al--LAMMPS--ipr1,10.1088/0965-0393/12/4/007,eam/alloy
Al,Zhou-2004,C11,108.2,112.284286650737,GPa,2004--Zhou-X-W--Al--LAMMPS--ipr1,10.1103/physrevb.69.144113,eam/alloy
Al,Zhou-2004,C12,61.3,63.7972585442165,GPa,2004--Zhou-X-W--Al--LAMMPS--ipr1,10.1103/physrevb.69.144113,eam/alloy
Al,Zhou-2004,C44,28.5,30.9299402944162,GPa,2004--Zhou-X-W--Al--LAMMPS--ipr1,10.1103/physrevb.69.144113,eam/alloy
Al,Zhou-2004,a0,4.05,4.05018069032533,A,2004--Zhou-X-W--Al--LAMMPS--ipr1,10.1103/physrevb.69.144113,eam/alloy
Al,Zhou-2004,Ecoh,-3.39,-3.58000247151857,eV/atom,2004--Zhou-X-W--Al--LAMMPS--ipr1,10.1103/physrevb.69.144113,eam/alloy
Al,Zhou-2004,C11,108.2,112.284286650737,GPa,2004--Zhou-X-W--Al--LAMMPS--ipr1,10.1103/physrevb.69.144113,eam/alloy
Al,Zhou-2004,C12,61.3,63.7972585442165,GPa,2004--Zhou-X-W--Al--LAMMPS--ipr1,10.1103/physrevb.69.144113,eam/alloy
Al,Zhou-2004,C44,28.5,30.9299402944162,GPa,2004--Zhou-X-W--Al--LAMMPS--ipr1,10.1103/physrevb.69.144113,eam/alloy
Al,Zhou-2004,a0,4.05,4.05018069032533,A,2004--Zhou-X-W--Al--LAMMPS--ipr1,10.1103/physrevb.69.144113,eam/alloy
Al,Zhou-2004,Ecoh,-3.39,-3.58000247151857,eV/atom,2004--Zhou-X-W--Al--LAMMPS--ipr1,10.1103/physrevb.69.144113,eam/alloy
Al,Mendelev-2008,C11,108.2,105.091714534337,GPa,2008--Mendelev-M-I--Al--LAMMPS--ipr1,10.1080/14786430802206482,eam/fs
Al,Mendelev-2008,C12,61.3,59.4628844374693,GPa,2008--Mendelev-M-I--Al--LAMMPS--ipr1,10.1080/14786430802206482,eam/fs
Al,Mendelev-2008,C44,28.5,30.6588449403132,GPa,2008--Mendelev-M-I--Al--LAMMPS--ipr1,10.1080/14786430802206482,eam/fs
Al,Mendelev-2008,a0,4.05,4.04525979341702,A,2008--Mendelev-M-I--Al--LAMMPS--ipr1,10.1080/14786430802206482,eam/fs
Al,Mendelev-2008,Ecoh,-3.39,-3.41065695371891,eV/atom,2008--Mendelev-M-I--Al--LAMMPS--ipr1,10.1080/14786430802206482,eam/fs
Al,Mendelev-2010,C11,108.2,106.259743575141,GPa,2010--Mendelev-M-I--fictional-Al-1--LAMMPS--ipr1,10.1088/0965-0393/18/7/074002,eam/fs
Al,Mendelev-2010,C12,61.3,62.9252405029575,GPa,2010--Mendelev-M-I--fictional-Al-1--LAMMPS--ipr1,10.1088/0965-0393/18/7/074002,eam/fs
Al,Mendelev-2010,C44,28.5,30.1717200727219,GPa,2010--Mendelev-M-I--fictional-Al-1--LAMMPS--ipr1,10.1088/0965-0393/18/7/074002,eam/fs
Al,Mendelev-2010,a0,4.05,4.0440809363764,A,2010--Mendelev-M-I--fictional-Al-1--LAMMPS--ipr1,10.1088/0965-0393/18/7/074002,eam/fs
Al,Mendelev-2010,Ecoh,-3.39,-3.6047346522245,eV/atom,2010--Mendelev-M-I--fictional-Al-1--LAMMPS--ipr1,10.1088/0965-0393/18/7/074002,eam/fs
Al,Mendelev-2010,C11,108.2,106.259743575141,GPa,2010--Mendelev-M-I--fictional-Al-1--LAMMPS--ipr1,10.1088/0965-0393/18/7/074002,eam/fs
Al,Mendelev-2010,C12,61.3,62.9252405029575,GPa,2010--Mendelev-M-I--fictional-Al-1--LAMMPS--ipr1,10.1088/0965-0393/18/7/074002,eam/fs
Al,Mendelev-2010,C44,28.5,30.1717200727219,GPa,2010--Mendelev-M-I--fictional-Al-1--LAMMPS--ipr1,10.1088/0965-0393/18/7/074002,eam/fs
Al,Mendelev-2010,a0,4.05,4.0440809363764,A,2010--Mendelev-M-I--fictional-Al-1--LAMMPS--ipr1,10.1088/0965-0393/18/7/074002,eam/fs
Al,Mendelev-2010,Ecoh,-3.39,-3.6047346522245,eV/atom,2010--Mendelev-M-I--fictional-Al-1--LAMMPS--ipr1,10.1088/0965-0393/18/7/074002,eam/fs
Al,Mendelev-2010,C11,108.2,106.259743575141,GPa,2010--Mendelev-M-I--fictional-Al-1--LAMMPS--ipr1,10.1088/0965-0393/18/7/074002,eam/fs
Al,Mendelev-2010,C12,61.3,62.9252405029575,GPa,2010--Mendelev-M-I--fictional-Al-1--LAMMPS--ipr1,10.1088/0965-0393/18/7/074002,eam/fs
Al,Mendelev-2010,C44,28.5,30.1717200727219,GPa,2010--Mendelev-M-I--fictional-Al-1--LAMMPS--ipr1,10.1088/0965-0393/18/7/074002,eam/fs
Al,Mendelev-2010,a0,4.05,4.0440809363764,A,2010--Mendelev-M-I--fictional-Al-1--LAMMPS--ipr1,10.1088/0965-0393/18/7/074002,eam/fs
Al,Mendelev-2010,Ecoh,-3.39,-3.6047346522245,eV/atom,2010--Mendelev-M-I--fictional-Al-1--LAMMPS--ipr1,10.1088/0965-0393/18/7/074002,eam/fs
Al,Winey-2009,C11,108.2,113.761286293048,GPa,2010--Winey-J-M--Al--LAMMPS--ipr1,10.1088/0965-0393/17/5/055004,eam/alloy
Al,Winey-2009,C12,61.3,61.710175685265,GPa,2010--Winey-J-M--Al--LAMMPS--ipr1,10.1088/0965-0393/17/5/055004,eam/alloy
Al,Winey-2009,C44,28.5,31.2492776210758,GPa,2010--Winey-J-M--Al--LAMMPS--ipr1,10.1088/0965-0393/17/5/055004,eam/alloy
Al,Winey-2009,a0,4.05,4.02484538561055,A,2010--Winey-J-M--Al--LAMMPS--ipr1,10.1088/0965-0393/17/5/055004,eam/alloy
Al,Winey-2009,Ecoh,-3.39,-2.6459796171601,eV/atom,2010--Winey-J-M--Al--LAMMPS--ipr1,10.1088/0965-0393/17/5/055004,eam/alloy
Cu,Foiles-1986,C11,168.4,167.264598078078,GPa,1986--Foiles-S-M--Cu--LAMMPS--ipr1,10.1103/physrevb.33.7983,eam
Cu,Foiles-1986,C12,121.4,124.153277823469,GPa,1986--Foiles-S-M--Cu--LAMMPS--ipr1,10.1103/physrevb.33.7983,eam
Cu,Foiles-1986,C44,75.4,76.4468176717373,GPa,1986--Foiles-S-M--Cu--LAMMPS--ipr1,10.1103/physrevb.33.7983,eam
Cu,Foiles-1986,a0,3.615,3.61499997576462,A,1986--Foiles-S-M--Cu--LAMMPS--ipr1,10.1103/physrevb.33.7983,eam
Cu,Foiles-1986,Ecoh,-3.49,-3.54000000228145,eV/atom,1986--Foiles-S-M--Cu--LAMMPS--ipr1,10.1103/physrevb.33.7983,eam
Cu,Ackland-1987,C11,168.4,231.215784136212,GPa,1987--Ackland-G-J--Cu--LAMMPS--ipr1,10.1080/01418618708204485,eam/fs
Cu,Ackland-1987,C12,121.4,137.00603577412,GPa,1987--Ackland-G-J--Cu--LAMMPS--ipr1,10.1080/01418618708204485,eam/fs
Cu,Ackland-1987,C44,75.4,138.031011103507,GPa,1987--Ackland-G-J--Cu--LAMMPS--ipr1,10.1080/01418618708204485,eam/fs
Cu,Ackland-1987,a0,3.615,3.61500112792192,A,1987--Ackland-G-J--Cu--LAMMPS--ipr1,10.1080/01418618708204485,eam/fs
Cu,Ackland-1987,Ecoh,-3.49,-3.51935302639108,eV/atom,1987--Ackland-G-J--Cu--LAMMPS--ipr1,10.1080/01418618708204485,eam/fs
Cu,Ackland-1987,C11,168.4,231.215784136212,GPa,1987--Ackland-G-J--Cu--LAMMPS--ipr1,10.1080/01418618708204485,eam/fs
Cu,Ackland-1987,C12,121.4,137.00603577412,GPa,1987--Ackland-G-J--Cu--LAMMPS--ipr1,10.1080/01418618708204485,eam/fs
Cu,Ackland-1987,C44,75.4,138.031011103507,GPa,1987--Ackland-G-J--Cu--LAMMPS--ipr1,10.1080/01418618708204485,eam/fs
Cu,Ackland-1987,a0,3.615,3.61500112792192,A,1987--Ackland-G-J--Cu--LAMMPS--ipr1,10.1080/01418618708204485,eam/fs
Cu,Ackland-1987,Ecoh,-3.49,-3.51935302639108,eV/atom,1987--Ackland-G-J--Cu--LAMMPS--ipr1,10.1080/01418618708204485,eam/fs
Cu,Adams-1989,C11,168.4,168.062571830634,GPa,1989--Adams-J-B--Cu--LAMMPS--ipr1,10.1557/jmr.1989.0102,eam
Cu,Adams-1989,C12,121.4,123.754336198082,GPa,1989--Adams-J-B--Cu--LAMMPS--ipr1,10.1557/jmr.1989.0102,eam
Cu,Adams-1989,C44,75.4,78.8471469309398,GPa,1989--Adams-J-B--Cu--LAMMPS--ipr1,10.1557/jmr.1989.0102,eam
Cu,Adams-1989,a0,3.615,3.61499997539867,A,1989--Adams-J-B--Cu--LAMMPS--ipr1,10.1557/jmr.1989.0102,eam
Cu,Adams-1989,Ecoh,-3.49,-3.54000000229462,eV/atom,1989--Adams-J-B--Cu--LAMMPS--ipr1,10.1557/jmr.1989.0102,eam
Cu,Mishin-2001,C11,168.4,169.881109635064,GPa,2001--Mishin-Y--Cu-1--LAMMPS--ipr1,10.1103/physrevb.63.224106,eam/alloy
Cu,Mishin-2001,C12,121.4,122.604214854317,GPa,2001--Mishin-Y--Cu-1--LAMMPS--ipr1,10.1103/physrevb.63.224106,eam/alloy
Cu,Mishin-2001,C44,75.4,76.1899581257661,GPa,2001--Mishin-Y--Cu-1--LAMMPS--ipr1,10.1103/physrevb.63.224106,eam/alloy
Cu,Mishin-2001,a0,3.615,3.61500005821549,A,2001--Mishin-Y--Cu-1--LAMMPS--ipr1,10.1103/physrevb.63.224106,eam/alloy
Cu,Mishin-2001,Ecoh,-3.49,-3.53999996837948,eV/atom,2001--Mishin-Y--Cu-1--LAMMPS--ipr1,10.1103/physrevb.63.224106,eam/alloy
Cu,Zhou-2004,C11,168.4,174.436344214511,GPa,2004--Zhou-X-W--Cu--LAMMPS--ipr1,10.1103/physrevb.69.144113,eam/alloy
Cu,Zhou-2004,C12,121.4,123.659619111962,GPa,2004--Zhou-X-W--Cu--LAMMPS--ipr1,10.1103/physrevb.69.144113,eam/alloy
Cu,Zhou-2004,C44,75.4,78.5233708553136,GPa,2004--Zhou-X-W--Cu--LAMMPS--ipr1,10.1103/physrevb.69.144113,eam/alloy
Cu,Zhou-2004,a0,3.615,3.61499316996191,A,2004--Zhou-X-W--Cu--LAMMPS--ipr1,10.1103/physrevb.69.144113,eam/alloy
Cu,Zhou-2004,Ecoh,-3.49,-3.53998241045317,eV/atom,2004--Zhou-X-W--Cu--LAMMPS--ipr1,10.1103/physrevb.69.144113,eam/alloy
Cu,Zhou-2004,C11,168.4,174.436344214511,GPa,2004--Zhou-X-W--Cu--LAMMPS--ipr1,10.1103/physrevb.69.144113,eam/alloy
Cu,Zhou-2004,C12,121.4,123.659619111962,GPa,2004--Zhou-X-W--Cu--LAMMPS--ipr1,10.1103/physrevb.69.144113,eam/alloy
Cu,Zhou-2004,C44,75.4,78.5233708553136,GPa,2004--Zhou-X-W--Cu--LAMMPS--ipr1,10.1103/physrevb.69.144113,eam/alloy
Cu,Zhou-2004,a0,3.615,3.61499316996191,A,2004--Zhou-X-W--Cu--LAMMPS--ipr1,10.1103/physrevb.69.144113,eam/alloy
Cu,Zhou-2004,Ecoh,-3.49,-3.53998241045317,eV/atom,2004--Zhou-X-W--Cu--LAMMPS--ipr1,10.1103/physrevb.69.144113,eam/alloy
Cu,Mendelev-2008,C11,168.4,174.475291781671,GPa,2008--Mendelev-M-I--Cu--LAMMPS--ipr1,10.1080/14786430802206482,eam/fs
Cu,Mendelev-2008,C12,121.4,127.838540493126,GPa,2008--Mendelev-M-I--Cu--LAMMPS--ipr1,10.1080/14786430802206482,eam/fs
Cu,Mendelev-2008,C44,75.4,84.4380046054193,GPa,2008--Mendelev-M-I--Cu--LAMMPS--ipr1,10.1080/14786430802206482,eam/fs
Cu,Mendelev-2008,a0,3.615,3.63908745701191,A,2008--Mendelev-M-I--Cu--LAMMPS--ipr1,10.1080/14786430802206482,eam/fs
Cu,Mendelev-2008,Ecoh,-3.49,-3.28311620915219,eV/atom,2008--Mendelev-M-I--Cu--LAMMPS--ipr1,10.1080/14786430802206482,eam/fs
Cu,Mendelev-2013,C11,168.4,174.127924867968,GPa,2012--Mendelev-M-I--Cu--LAMMPS--ipr1,10.1080/14786435.2012.747012,eam/fs
Cu,Mendelev-2013,C12,121.4,127.190062960752,GPa,2012--Mendelev-M-I--Cu--LAMMPS--ipr1,10.1080/14786435.2012.747012,eam/fs
Cu,Mendelev-2013,C44,75.4,83.7176221216318,GPa,2012--Mendelev-M-I--Cu--LAMMPS--ipr1,10.1080/14786435.2012.747012,eam/fs
Cu,Mendelev-2013,a0,3.615,3.63902984582228,A,2012--Mendelev-M-I--Cu--LAMMPS--ipr1,10.1080/14786435.2012.747012,eam/fs
Cu,Mendelev-2013,Ecoh,-3.49,-3.42271916296482,eV/atom,2012--Mendelev-M-I--Cu--LAMMPS--ipr1,10.1080/14786435.2012.747012,eam/fs
Cu,Borovikov-2015,C11,168.4,172.918750954597,GPa,2015--Borovikov-V--fictional-Cu-1--LAMMPS--ipr1,10.1088/0965-0393/23/5/055003,eam/fs
Cu,Borovikov-2015,C12,121.4,128.001643032808,GPa,2015--Borovikov-V--fictional-Cu-1--LAMMPS--ipr1,10.1088/0965-0393/23/5/055003,eam/fs
Cu,Borovikov-2015,C44,75.4,83.7203372948233,GPa,2015--Borovikov-V--fictional-Cu-1--LAMMPS--ipr1,10.1088/0965-0393/23/5/055003,eam/fs
Cu,Borovikov-2015,a0,3.615,3.63922110648869,A,2015--Borovikov-V--fictional-Cu-1--LAMMPS--ipr1,10.1088/0965-0393/23/5/055003,eam/fs
Cu,Borovikov-2015,Ecoh,-3.49,-3.42533355426007,eV/atom,2015--Borovikov-V--fictional-Cu-1--LAMMPS--ipr1,10.1088/0965-0393/23/5/055003,eam/fs
Cu,Borovikov-2015,C11,168.4,172.918750954597,GPa,2015--Borovikov-V--fictional-Cu-1--LAMMPS--ipr1,10.1088/0965-0393/23/5/055003,eam/fs
Cu,Borovikov-2015,C12,121.4,128.001643032808,GPa,2015--Borovikov-V--fictional-Cu-1--LAMMPS--ipr1,10.1088/0965-0393/23/5/055003,eam/fs
Cu,Borovikov-2015,C44,75.4,83.7203372948233,GPa,2015--Borovikov-V--fictional-Cu-1--LAMMPS--ipr1,10.1088/0965-0393/23/5/055003,eam/fs
Cu,Borovikov-2015,a0,3.615,3.63922110648869,A,2015--Borovikov-V--fictional-Cu-1--LAMMPS--ipr1,10.1088/0965-0393/23/5/055003,eam/fs
Cu,Borovikov-2015,Ecoh,-3.49,-3.42533355426007,eV/atom,2015--Borovikov-V--fictional-Cu-1--LAMMPS--ipr1,10.1088/0965-0393/23/5/055003,eam/fs
Cu,Borovikov-2015,C11,168.4,172.918750954597,GPa,2015--Borovikov-V--fictional-Cu-1--LAMMPS--ipr1,10.1088/0965-0393/23/5/055003,eam/fs
Cu,Borovikov-2015,C12,121.4,128.001643032808,GPa,2015--Borovikov-V--fictional-Cu-1--LAMMPS--ipr1,10.1088/0965-0393/23/5/055003,eam/fs
Cu,Borovikov-2015,C44,75.4,83.7203372948233,GPa,2015--Borovikov-V--fictional-Cu-1--LAMMPS--ipr1,10.1088/0965-0393/23/5/055003,eam/fs
Cu,Borovikov-2015,a0,3.615,3.63922110648869,A,2015--Borovikov-V--fictional-Cu-1--LAMMPS--ipr1,10.1088/0965-0393/23/5/055003,eam/fs
Cu,Borovikov-2015,Ecoh,-3.49,-3.42533355426007,eV/atom,2015--Borovikov-V--fictional-Cu-1--LAMMPS--ipr1,10.1088/0965-0393/23/5/055003,eam/fs
Cu,Borovikov-2015,C11,168.4,172.918750954597,GPa,2015--Borovikov-V--fictional-Cu-1--LAMMPS--ipr1,10.1088/0965-0393/23/5/055003,eam/fs
Cu,Borovikov-2015,C12,121.4,128.001643032808,GPa,2015--Borovikov-V--fictional-Cu-1--LAMMPS--ipr1,10.1088/0965-0393/23/5/055003,eam/fs
Cu,Borovikov-2015,C44,75.4,83.7203372948233,GPa,2015--Borovikov-V--fictional-Cu-1--LAMMPS--ipr1,10.1088/0965-0393/23/5/055003,eam/fs
Cu,Borovikov-2015,a0,3.615,3.63922110648869,A,2015--Borovikov-V--fictional-Cu-1--LAMMPS--ipr1,10.1088/0965-0393/23/5/055003,eam/fs
Cu,Borovikov-2015,Ecoh,-3.49,-3.42533355426007,eV/atom,2015--Borovikov-V--fictional-Cu-1--LAMMPS--ipr1,10.1088/0965-0393/23/5/055003,eam/fs
Cu,Borovikov-2015,C11,168.4,172.918750954597,GPa,2015--Borovikov-V--fictional-Cu-1--LAMMPS--ipr1,10.1088/0965-0393/23/5/055003,eam/fs
Cu,Borovikov-2015,C12,121.4,128.001643032808,GPa,2015--Borovikov-V--fictional-Cu-1--LAMMPS--ipr1,10.1088/0965-0393/23/5/055003,eam/fs
Cu,Borovikov-2015,C44,75.4,83.7203372948233,GPa,2015--Borovikov-V--fictional-Cu-1--LAMMPS--ipr1,10.1088/0965-0393/23/5/055003,eam/fs
Cu,Borovikov-2015,a0,3.615,3.63922110648869,A,2015--Borovikov-V--fictional-Cu-1--LAMMPS--ipr1,10.1088/0965-0393/23/5/055003,eam/fs
Cu,Borovikov-2015,Ecoh,-3.49,-3.42533355426007,eV/atom,2015--Borovikov-V--fictional-Cu-1--LAMMPS--ipr1,10.1088/0965-0393/23/5/055003,eam/fs
Cu,Borovikov-2015,C11,168.4,172.918750954597,GPa,2015--Borovikov-V--fictional-Cu-1--LAMMPS--ipr1,10.1088/0965-0393/23/5/055003,eam/fs
Cu,Borovikov-2015,C12,121.4,128.001643032808,GPa,2015--Borovikov-V--fictional-Cu-1--LAMMPS--ipr1,10.1088/0965-0393/23/5/055003,eam/fs
Cu,Borovikov-2015,C44,75.4,83.7203372948233,GPa,2015--Borovikov-V--fictional-Cu-1--LAMMPS--ipr1,10.1088/0965-0393/23/5/055003,eam/fs
Cu,Borovikov-2015,a0,3.615,3.63922110648869,A,2015--Borovikov-V--fictional-Cu-1--LAMMPS--ipr1,10.1088/0965-0393/23/5/055003,eam/fs
Cu,Borovikov-2015,Ecoh,-3.49,-3.42533355426007,eV/atom,2015--Borovikov-V--fictional-Cu-1--LAMMPS--ipr1,10.1088/0965-0393/23/5/055003,eam/fs
Cu,Borovikov-2015,C11,168.4,172.918750954597,GPa,2015--Borovikov-V--fictional-Cu-1--LAMMPS--ipr1,10.1088/0965-0393/23/5/055003,eam/fs
Cu,Borovikov-2015,C12,121.4,128.001643032808,GPa,2015--Borovikov-V--fictional-Cu-1--LAMMPS--ipr1,10.1088/0965-0393/23/5/055003,eam/fs
Cu,Borovikov-2015,C44,75.4,83.7203372948233,GPa,2015--Borovikov-V--fictional-Cu-1--LAMMPS--ipr1,10.1088/0965-0393/23/5/055003,eam/fs
Cu,Borovikov-2015,a0,3.615,3.63922110648869,A,2015--Borovikov-V--fictional-Cu-1--LAMMPS--ipr1,10.1088/0965-0393/23/5/055003,eam/fs
Cu,Borovikov-2015,Ecoh,-3.49,-3.42533355426007,eV/atom,2015--Borovikov-V--fictional-Cu-1--LAMMPS--ipr1,10.1088/0965-0393/23/5/055003,eam/fs
Cu,Borovikov-2016,C11,168.4,168.019556051428,GPa,2016--Borovikov-V--fictional-Cu-31--LAMMPS--ipr1,10.1088/0965-0393/24/8/085017,eam/fs
Cu,Borovikov-2016,C12,121.4,131.336520692225,GPa,2016--Borovikov-V--fictional-Cu-31--LAMMPS--ipr1,10.1088/0965-0393/24/8/085017,eam/fs
Cu,Borovikov-2016,C44,75.4,85.9310810570669,GPa,2016--Borovikov-V--fictional-Cu-31--LAMMPS--ipr1,10.1088/0965-0393/24/8/085017,eam/fs
Cu,Borovikov-2016,a0,3.615,3.63856840057982,A,2016--Borovikov-V--fictional-Cu-31--LAMMPS--ipr1,10.1088/0965-0393/24/8/085017,eam/fs
Cu,Borovikov-2016,Ecoh,-3.49,-3.4066625256964,eV/atom,2016--Borovikov-V--fictional-Cu-31--LAMMPS--ipr1,10.1088/0965-0393/24/8/085017,eam/fs
Cu,Borovikov-2016,C11,168.4,168.019556051428,GPa,2016--Borovikov-V--fictional-Cu-31--LAMMPS--ipr1,10.1088/0965-0393/24/8/085017,eam/fs
Cu,Borovikov-2016,C12,121.4,131.336520692225,GPa,2016--Borovikov-V--fictional-Cu-31--LAMMPS--ipr1,10.1088/0965-0393/24/8/085017,eam/fs
Cu,Borovikov-2016,C44,75.4,85.9310810570669,GPa,2016--Borovikov-V--fictional-Cu-31--LAMMPS--ipr1,10.1088/0965-0393/24/8/085017,eam/fs
Cu,Borovikov-2016,a0,3.615,3.63856840057982,A,2016--Borovikov-V--fictional-Cu-31--LAMMPS--ipr1,10.1088/0965-0393/24/8/085017,eam/fs
Cu,Borovikov-2016,Ecoh,-3.49,-3.4066625256964,eV/atom,2016--Borovikov-V--fictional-Cu-31--LAMMPS--ipr1,10.1088/0965-0393/24/8/085017,eam/fs
Cu,Borovikov-2016,C11,168.4,168.019556051428,GPa,2016--Borovikov-V--fictional-Cu-31--LAMMPS--ipr1,10.1088/0965-0393/24/8/085017,eam/fs
Cu,Borovikov-2016,C12,121.4,131.336520692225,GPa,2016--Borovikov-V--fictional-Cu-31--LAMMPS--ipr1,10.1088/0965-0393/24/8/085017,eam/fs
Cu,Borovikov-2016,C44,75.4,85.9310810570669,GPa,2016--Borovikov-V--fictional-Cu-31--LAMMPS--ipr1,10.1088/0965-0393/24/8/085017,eam/fs
Cu,Borovikov-2016,a0,3.615,3.63856840057982,A,2016--Borovikov-V--fictional-Cu-31--LAMMPS--ipr1,10.1088/0965-0393/24/8/085017,eam/fs
Cu,Borovikov-2016,Ecoh,-3.49,-3.4066625256964,eV/atom,2016--Borovikov-V--fictional-Cu-31--LAMMPS--ipr1,10.1088/0965-0393/24/8/085017,eam/fs
Cu,Borovikov-2016,C11,168.4,168.019556051428,GPa,2016--Borovikov-V--fictional-Cu-31--LAMMPS--ipr1,10.1088/0965-0393/24/8/085017,eam/fs
Cu,Borovikov-2016,C12,121.4,131.336520692225,GPa,2016--Borovikov-V--fictional-Cu-31--LAMMPS--ipr1,10.1088/0965-0393/24/8/085017,eam/fs
Cu,Borovikov-2016,C44,75.4,85.9310810570669,GPa,2016--Borovikov-V--fictional-Cu-31--LAMMPS--ipr1,10.1088/0965-0393/24/8/085017,eam/fs
Cu,Borovikov-2016,a0,3.615,3.63856840057982,A,2016--Borovikov-V--fictional-Cu-31--LAMMPS--ipr1,10.1088/0965-0393/24/8/085017,eam/fs
Cu,Borovikov-2016,Ecoh,-3.49,-3.4066625256964,eV/atom,2016--Borovikov-V--fictional-Cu-31--LAMMPS--ipr1,10.1088/0965-0393/24/8/085017,eam/fs
Ni,Foiles-1986,C11,246.5,233.273125828758,GPa,1986--Foiles-S-M--Ni--LAMMPS--ipr1,10.1103/physrevb.33.7983,eam
Ni,Foiles-1986,C12,147.3,154.287321147205,GPa,1986--Foiles-S-M--Ni--LAMMPS--ipr1,10.1103/physrevb.33.7983,eam
Ni,Foiles-1986,C44,124.7,127.636559617416,GPa,1986--Foiles-S-M--Ni--LAMMPS--ipr1,10.1103/physrevb.33.7983,eam
Ni,Foiles-1986,a0,3.524,3.5199999217937,A,1986--Foiles-S-M--Ni--LAMMPS--ipr1,10.1103/physrevb.33.7983,eam
Ni,Foiles-1986,Ecoh,-4.44,-4.45000000357544,eV/atom,1986--Foiles-S-M--Ni--LAMMPS--ipr1,10.1103/physrevb.33.7983,eam
Ni,Ackland-1987,C11,246.5,260.685273751638,GPa,1987--Ackland-G-J--Ni--LAMMPS--ipr1,10.1080/01418618708204485,eam/fs
Ni,Ackland-1987,C12,147.3,150.546144603531,GPa,1987--Ackland-G-J--Ni--LAMMPS--ipr1,10.1080/01418618708204485,eam/fs
Ni,Ackland-1987,C44,124.7,131.432184713598,GPa,1987--Ackland-G-J--Ni--LAMMPS--ipr1,10.1080/01418618708204485,eam/fs
Ni,Ackland-1987,a0,3.524,3.52422036511869,A,1987--Ackland-G-J--Ni--LAMMPS--ipr1,10.1080/01418618708204485,eam/fs
Ni,Ackland-1987,Ecoh,-4.44,-4.45899743723961,eV/atom,1987--Ackland-G-J--Ni--LAMMPS--ipr1,10.1080/01418618708204485,eam/fs
Ni,Ackland-1987,C11,246.5,260.685273751638,GPa,1987--Ackland-G-J--Ni--LAMMPS--ipr1,10.1080/01418618708204485,eam/fs
Ni,Ackland-1987,C12,147.3,150.546144603531,GPa,1987--Ackland-G-J--Ni--LAMMPS--ipr1,10.1080/01418618708204485,eam/fs
Ni,Ackland-1987,C44,124.7,131.432184713598,GPa,1987--Ackland-G-J--Ni--LAMMPS--ipr1,10.1080/01418618708204485,eam/fs
Ni,Ackland-1987,a0,3.524,3.52422036511869,A,1987--Ackland-G-J--Ni--LAMMPS--ipr1,10.1080/01418618708204485,eam/fs
Ni,Ackland-1987,Ecoh,-4.44,-4.45899743723961,eV/atom,1987--Ackland-G-J--Ni--LAMMPS--ipr1,10.1080/01418618708204485,eam/fs
Ni,Adams-1989,C11,246.5,235.574884474912,GPa,1989--Adams-J-B--Ni--LAMMPS--ipr1,10.1557/jmr.1989.0102,eam
Ni,Adams-1989,C12,147.3,153.141344658352,GPa,1989--Adams-J-B--Ni--LAMMPS--ipr1,10.1557/jmr.1989.0102,eam
Ni,Adams-1989,C44,124.7,133.505081142698,GPa,1989--Adams-J-B--Ni--LAMMPS--ipr1,10.1557/jmr.1989.0102,eam
Ni,Adams-1989,a0,3.524,3.51999990988958,A,1989--Adams-J-B--Ni--LAMMPS--ipr1,10.1557/jmr.1989.0102,eam
Ni,Adams-1989,Ecoh,-4.44,-4.45000000382792,eV/atom,1989--Adams-J-B--Ni--LAMMPS--ipr1,10.1557/jmr.1989.0102,eam
Ni,Mishin-1999,C11,246.5,247.862330566274,GPa,1999--Mishin-Y--Ni--LAMMPS--ipr1,10.1103/physrevb.59.3393,eam/alloy
Ni,Mishin-1999,C12,147.3,147.828379620979,GPa,1999--Mishin-Y--Ni--LAMMPS--ipr1,10.1103/physrevb.59.3393,eam/alloy
Ni,Mishin-1999,C44,124.7,124.838117594854,GPa,1999--Mishin-Y--Ni--LAMMPS--ipr1,10.1103/physrevb.59.3393,eam/alloy
Ni,Mishin-1999,a0,3.524,3.51999943754043,A,1999--Mishin-Y--Ni--LAMMPS--ipr1,10.1103/physrevb.59.3393,eam/alloy
Ni,Mishin-1999,Ecoh,-4.44,-4.44999999834724,eV/atom,1999--Mishin-Y--Ni--LAMMPS--ipr1,10.1103/physrevb.59.3393,eam/alloy
Ni,Zhou-2004,C11,246.5,249.218020232332,GPa,2004--Zhou-X-W--Ni--LAMMPS--ipr1,10.1103/physrevb.69.144113,eam/fs
Ni,Zhou-2004,C12,147.3,147.072758446492,GPa,2004--Zhou-X-W--Ni--LAMMPS--ipr1,10.1103/physrevb.69.144113,eam/fs
Ni,Zhou-2004,C44,124.7,126.963385745559,GPa,2004--Zhou-X-W--Ni--LAMMPS--ipr1,10.1103/physrevb.69.144113,eam/fs
Ni,Zhou-2004,a0,3.524,3.51968272664788,A,2004--Zhou-X-W--Ni--LAMMPS--ipr1,10.1103/physrevb.69.144113,eam/fs
Ni,Zhou-2004,Ecoh,-4.44,-4.44996828171614,eV/atom,2004--Zhou-X-W--Ni--LAMMPS--ipr1,10.1103/physrevb.69.144113,eam/fs
Ni,Zhou-2004,C11,246.5,249.218020232332,GPa,2004--Zhou-X-W--Ni--LAMMPS--ipr1,10.1103/physrevb.69.144113,eam/fs
Ni,Zhou-2004,C12,147.3,147.072758446492,GPa,2004--Zhou-X-W--Ni--LAMMPS--ipr1,10.1103/physrevb.69.144113,eam/fs
Ni,Zhou-2004,C44,124.7,126.963385745559,GPa,2004--Zhou-X-W--Ni--LAMMPS--ipr1,10.1103/physrevb.69.144113,eam/fs
Ni,Zhou-2004,a0,3.524,3.51968272664788,A,2004--Zhou-X-W--Ni--LAMMPS--ipr1,10.1103/physrevb.69.144113,eam/fs
Ni,Zhou-2004,Ecoh,-4.44,-4.44996828171614,eV/atom,2004--Zhou-X-W--Ni--LAMMPS--ipr1,10.1103/physrevb.69.144113,eam/fs
Ni,Mendelev-2012,C11,246.5,247.016843310398,GPa,2012--Mendelev-M-I--Ni--LAMMPS--ipr1,10.1080/14786435.2012.712220,eam/fs
Ni,Mendelev-2012,C12,147.3,147.295139583981,GPa,2012--Mendelev-M-I--Ni--LAMMPS--ipr1,10.1080/14786435.2012.712220,eam/fs
Ni,Mendelev-2012,C44,124.7,122.773084555568,GPa,2012--Mendelev-M-I--Ni--LAMMPS--ipr1,10.1080/14786435.2012.712220,eam/fs
Ni,Mendelev-2012,a0,3.524,3.51812111650558,A,2012--Mendelev-M-I--Ni--LAMMPS--ipr1,10.1080/14786435.2012.712220,eam/fs
Ni,Mendelev-2012,Ecoh,-4.44,-4.38550876957346,eV/atom,2012--Mendelev-M-I--Ni--LAMMPS--ipr1,10.1080/14786435.2012.712220,eam/fs
Ni,Stoller-2016,C11,246.5,240.913567191331,GPa,2016--Stoller-R-E--Ni--LAMMPS--ipr1,10.1021/acs.jctc.5b01194,eam/alloy
Ni,Stoller-2016,C12,147.3,150.493462702583,GPa,2016--Stoller-R-E--Ni--LAMMPS--ipr1,10.1021/acs.jctc.5b01194,eam/alloy
Ni,Stoller-2016,C44,124.7,127.136927389289,GPa,2016--Stoller-R-E--Ni--LAMMPS--ipr1,10.1021/acs.jctc.5b01194,eam/alloy
Ni,Stoller-2016,a0,3.524,3.51999999914572,A,2016--Stoller-R-E--Ni--LAMMPS--ipr1,10.1021/acs.jctc.5b01194,eam/alloy
Ni,Stoller-2016,Ecoh,-4.44,-4.44999998574003,eV/atom,2016--Stoller-R-E--Ni--LAMMPS--ipr1,10.1021/acs.jctc.5b01194,eam/alloy
Ni,Oliveira-2026,C11,246.5,292.488662960108,GPa,2026--Oliveira-D-S--Ni--LAMMPS--ipr1,10.1007/s13538-026-02011-z,adp
Ni,Oliveira-2026,C12,147.3,166.062593319468,GPa,2026--Oliveira-D-S--Ni--LAMMPS--ipr1,10.1007/s13538-026-02011-z,adp
Ni,Oliveira-2026,C44,124.7,116.484799235932,GPa,2026--Oliveira-D-S--Ni--LAMMPS--ipr1,10.1007/s13538-026-02011-z,adp
Ni,Oliveira-2026,a0,3.524,3.50950749150006,A,2026--Oliveira-D-S--Ni--LAMMPS--ipr1,10.1007/s13538-026-02011-z,adp
Ni,Oliveira-2026,Ecoh,-4.44,-4.4460791696859,eV/atom,2026--Oliveira-D-S--Ni--LAMMPS--ipr1,10.1007/s13538-026-02011-z,adp
Ag,Foiles-1986,C11,124,129.136132645198,GPa,1986--Foiles-S-M--Ag--LAMMPS--ipr1,10.1103/physrevb.33.7983,eam
Ag,Foiles-1986,C12,93.4,91.0422691235999,GPa,1986--Foiles-S-M--Ag--LAMMPS--ipr1,10.1103/physrevb.33.7983,eam
Ag,Foiles-1986,C44,46.1,56.7867003518529,GPa,1986--Foiles-S-M--Ag--LAMMPS--ipr1,10.1103/physrevb.33.7983,eam
Ag,Foiles-1986,a0,4.085,4.08999992358538,A,1986--Foiles-S-M--Ag--LAMMPS--ipr1,10.1103/physrevb.33.7983,eam
Ag,Foiles-1986,Ecoh,-2.95,-2.85000000156613,eV/atom,1986--Foiles-S-M--Ag--LAMMPS--ipr1,10.1103/physrevb.33.7983,eam
Ag,Ackland-1987,C11,124,172.427923401711,GPa,1987--Ackland-G-J--Ag--LAMMPS--ipr1,10.1080/01418618708204485,eam/fs
Ag,Ackland-1987,C12,93.4,141.77678583622,GPa,1987--Ackland-G-J--Ag--LAMMPS--ipr1,10.1080/01418618708204485,eam/fs
Ag,Ackland-1987,C44,46.1,86.4148351850066,GPa,1987--Ackland-G-J--Ag--LAMMPS--ipr1,10.1080/01418618708204485,eam/fs
Ag,Ackland-1987,a0,4.085,4.08600067212411,A,1987--Ackland-G-J--Ag--LAMMPS--ipr1,10.1080/01418618708204485,eam/fs
Ag,Ackland-1987,Ecoh,-2.95,-2.96744390102708,eV/atom,1987--Ackland-G-J--Ag--LAMMPS--ipr1,10.1080/01418618708204485,eam/fs
Ag,Ackland-1987,C11,124,172.427923401711,GPa,1987--Ackland-G-J--Ag--LAMMPS--ipr1,10.1080/01418618708204485,eam/fs
Ag,Ackland-1987,C12,93.4,141.77678583622,GPa,1987--Ackland-G-J--Ag--LAMMPS--ipr1,10.1080/01418618708204485,eam/fs
Ag,Ackland-1987,C44,46.1,86.4148351850066,GPa,1987--Ackland-G-J--Ag--LAMMPS--ipr1,10.1080/01418618708204485,eam/fs
Ag,Ackland-1987,a0,4.085,4.08600067212411,A,1987--Ackland-G-J--Ag--LAMMPS--ipr1,10.1080/01418618708204485,eam/fs
Ag,Ackland-1987,Ecoh,-2.95,-2.96744390102708,eV/atom,1987--Ackland-G-J--Ag--LAMMPS--ipr1,10.1080/01418618708204485,eam/fs
Ag,Adams-1989,C11,124,129.068904250368,GPa,1989--Adams-J-B--Ag--LAMMPS--ipr1,10.1557/jmr.1989.0102,eam
Ag,Adams-1989,C12,93.4,91.0742101469292,GPa,1989--Adams-J-B--Ag--LAMMPS--ipr1,10.1557/jmr.1989.0102,eam
Ag,Adams-1989,C44,46.1,56.7434776140681,GPa,1989--Adams-J-B--Ag--LAMMPS--ipr1,10.1557/jmr.1989.0102,eam
Ag,Adams-1989,a0,4.085,4.08999989186543,A,1989--Adams-J-B--Ag--LAMMPS--ipr1,10.1557/jmr.1989.0102,eam
Ag,Adams-1989,Ecoh,-2.95,-2.85000000129742,eV/atom,1989--Adams-J-B--Ag--LAMMPS--ipr1,10.1557/jmr.1989.0102,eam
Ag,Zhou-2004,C11,124,122.875623800978,GPa,2004--Zhou-X-W--Ag--LAMMPS--ipr1,10.1103/physrevb.69.144113,eam/alloy
Ag,Zhou-2004,C12,93.4,92.9240393189821,GPa,2004--Zhou-X-W--Ag--LAMMPS--ipr1,10.1103/physrevb.69.144113,eam/alloy
Ag,Zhou-2004,C44,46.1,45.1238943711337,GPa,2004--Zhou-X-W--Ag--LAMMPS--ipr1,10.1103/physrevb.69.144113,eam/alloy
Ag,Zhou-2004,a0,4.085,4.08964974687949,A,2004--Zhou-X-W--Ag--LAMMPS--ipr1,10.1103/physrevb.69.144113,eam/alloy
Ag,Zhou-2004,Ecoh,-2.95,-2.84999503731192,eV/atom,2004--Zhou-X-W--Ag--LAMMPS--ipr1,10.1103/physrevb.69.144113,eam/alloy
Ag,Zhou-2004,C11,124,122.875623800978,GPa,2004--Zhou-X-W--Ag--LAMMPS--ipr1,10.1103/physrevb.69.144113,eam/alloy
Ag,Zhou-2004,C12,93.4,92.9240393189821,GPa,2004--Zhou-X-W--Ag--LAMMPS--ipr1,10.1103/physrevb.69.144113,eam/alloy
Ag,Zhou-2004,C44,46.1,45.1238943711337,GPa,2004--Zhou-X-W--Ag--LAMMPS--ipr1,10.1103/physrevb.69.144113,eam/alloy
Ag,Zhou-2004,a0,4.085,4.08964974687949,A,2004--Zhou-X-W--Ag--LAMMPS--ipr1,10.1103/physrevb.69.144113,eam/alloy
Ag,Zhou-2004,Ecoh,-2.95,-2.84999503731192,eV/atom,2004--Zhou-X-W--Ag--LAMMPS--ipr1,10.1103/physrevb.69.144113,eam/alloy
Ag,Williams-2006,C11,124,124.239179798937,GPa,2006--Williams-P-L--Ag--LAMMPS--ipr1,10.1088/0965-0393/14/5/002,eam/alloy
Ag,Williams-2006,C12,93.4,93.87369668605,GPa,2006--Williams-P-L--Ag--LAMMPS--ipr1,10.1088/0965-0393/14/5/002,eam/alloy
Ag,Williams-2006,C44,46.1,46.4193055928319,GPa,2006--Williams-P-L--Ag--LAMMPS--ipr1,10.1088/0965-0393/14/5/002,eam/alloy
Ag,Williams-2006,a0,4.085,4.090000144871,A,2006--Williams-P-L--Ag--LAMMPS--ipr1,10.1088/0965-0393/14/5/002,eam/alloy
Ag,Williams-2006,Ecoh,-2.95,-2.84999997472566,eV/atom,2006--Williams-P-L--Ag--LAMMPS--ipr1,10.1088/0965-0393/14/5/002,eam/alloy
Au,Foiles-1986,C11,192.3,183.165779077391,GPa,1986--Foiles-S-M--Au--LAMMPS--ipr1,10.1103/physrevb.33.7983,eam
Au,Foiles-1986,C12,163.1,158.757218404039,GPa,1986--Foiles-S-M--Au--LAMMPS--ipr1,10.1103/physrevb.33.7983,eam
Au,Foiles-1986,C44,42,44.7253255221637,GPa,1986--Foiles-S-M--Au--LAMMPS--ipr1,10.1103/physrevb.33.7983,eam
Au,Foiles-1986,a0,4.078,4.08000001830507,A,1986--Foiles-S-M--Au--LAMMPS--ipr1,10.1103/physrevb.33.7983,eam
Au,Foiles-1986,Ecoh,-3.81,-3.93000000017703,eV/atom,1986--Foiles-S-M--Au--LAMMPS--ipr1,10.1103/physrevb.33.7983,eam
Au,Ackland-1987,C11,192.3,256.787858247189,GPa,1987--Ackland-G-J--Au--LAMMPS--ipr1,10.1080/01418618708204485,eam/fs
Au,Ackland-1987,C12,163.1,227.623830237274,GPa,1987--Ackland-G-J--Au--LAMMPS--ipr1,10.1080/01418618708204485,eam/fs
Au,Ackland-1987,C44,42,100.815992238289,GPa,1987--Ackland-G-J--Au--LAMMPS--ipr1,10.1080/01418618708204485,eam/fs
Au,Ackland-1987,a0,4.078,4.07800072611969,A,1987--Ackland-G-J--Au--LAMMPS--ipr1,10.1080/01418618708204485,eam/fs
Au,Ackland-1987,Ecoh,-3.81,-3.78904529320799,eV/atom,1987--Ackland-G-J--Au--LAMMPS--ipr1,10.1080/01418618708204485,eam/fs
Au,Ackland-1987,C11,192.3,256.787858247189,GPa,1987--Ackland-G-J--Au--LAMMPS--ipr1,10.1080/01418618708204485,eam/fs
Au,Ackland-1987,C12,163.1,227.623830237274,GPa,1987--Ackland-G-J--Au--LAMMPS--ipr1,10.1080/01418618708204485,eam/fs
Au,Ackland-1987,C44,42,100.815992238289,GPa,1987--Ackland-G-J--Au--LAMMPS--ipr1,10.1080/01418618708204485,eam/fs
Au,Ackland-1987,a0,4.078,4.07800072611969,A,1987--Ackland-G-J--Au--LAMMPS--ipr1,10.1080/01418618708204485,eam/fs
Au,Ackland-1987,Ecoh,-3.81,-3.78904529320799,eV/atom,1987--Ackland-G-J--Au--LAMMPS--ipr1,10.1080/01418618708204485,eam/fs
Au,Adams-1989,C11,192.3,183.247572013356,GPa,1989--Adams-J-B--Au--LAMMPS--ipr1,10.1557/jmr.1989.0102,eam
Au,Adams-1989,C12,163.1,158.711895714718,GPa,1989--Adams-J-B--Au--LAMMPS--ipr1,10.1557/jmr.1989.0102,eam
Au,Adams-1989,C44,42,45.2608144201792,GPa,1989--Adams-J-B--Au--LAMMPS--ipr1,10.1557/jmr.1989.0102,eam
Au,Adams-1989,a0,4.078,4.07999996805535,A,1989--Adams-J-B--Au--LAMMPS--ipr1,10.1557/jmr.1989.0102,eam
Au,Adams-1989,Ecoh,-3.81,-3.92999999949357,eV/atom,1989--Adams-J-B--Au--LAMMPS--ipr1,10.1557/jmr.1989.0102,eam
Au,Zhou-2004,C11,192.3,187.892630583916,GPa,2004--Zhou-X-W--Au--LAMMPS--ipr1,10.1103/physrevb.69.144113,eam/alloy
Au,Zhou-2004,C12,163.1,157.828562311667,GPa,2004--Zhou-X-W--Au--LAMMPS--ipr1,10.1103/physrevb.69.144113,eam/alloy
Au,Zhou-2004,C44,42,42.6003130933722,GPa,2004--Zhou-X-W--Au--LAMMPS--ipr1,10.1103/physrevb.69.144113,eam/alloy
Au,Zhou-2004,a0,4.078,4.08006654573515,A,2004--Zhou-X-W--Au--LAMMPS--ipr1,10.1103/physrevb.69.144113,eam/alloy
Au,Zhou-2004,Ecoh,-3.81,-3.93000234382081,eV/atom,2004--Zhou-X-W--Au--LAMMPS--ipr1,10.1103/physrevb.69.144113,eam/alloy
Au,Zhou-2004,C11,192.3,187.892630583916,GPa,2004--Zhou-X-W--Au--LAMMPS--ipr1,10.1103/physrevb.69.144113,eam/alloy
Au,Zhou-2004,C12,163.1,157.828562311667,GPa,2004--Zhou-X-W--Au--LAMMPS--ipr1,10.1103/physrevb.69.144113,eam/alloy
Au,Zhou-2004,C44,42,42.6003130933722,GPa,2004--Zhou-X-W--Au--LAMMPS--ipr1,10.1103/physrevb.69.144113,eam/alloy
Au,Zhou-2004,a0,4.078,4.08006654573515,A,2004--Zhou-X-W--Au--LAMMPS--ipr1,10.1103/physrevb.69.144113,eam/alloy
Au,Zhou-2004,Ecoh,-3.81,-3.93000234382081,eV/atom,2004--Zhou-X-W--Au--LAMMPS--ipr1,10.1103/physrevb.69.144113,eam/alloy
Au,Grochola-2005,C11,192.3,201.648483629458,GPa,2005--Grochola-G--Au--LAMMPS--ipr1,10.1063/1.2124667,eam/alloy
Au,Grochola-2005,C12,163.1,169.531929910043,GPa,2005--Grochola-G--Au--LAMMPS--ipr1,10.1063/1.2124667,eam/alloy
Au,Grochola-2005,C44,42,45.9689794915927,GPa,2005--Grochola-G--Au--LAMMPS--ipr1,10.1063/1.2124667,eam/alloy
Au,Grochola-2005,a0,4.078,4.07011043949149,A,2005--Grochola-G--Au--LAMMPS--ipr1,10.1063/1.2124667,eam/alloy
Au,Grochola-2005,Ecoh,-3.81,-3.92421790603845,eV/atom,2005--Grochola-G--Au--LAMMPS--ipr1,10.1063/1.2124667,eam/alloy
Au,Olsson-2010,C11,192.3,201.630057569851,GPa,2010--Olsson-P-A-T--Au--LAMMPS--ipr1,10.1063/1.3460127,eam/alloy
Au,Olsson-2010,C12,163.1,169.970030851982,GPa,2010--Olsson-P-A-T--Au--LAMMPS--ipr1,10.1063/1.3460127,eam/alloy
Au,Olsson-2010,C44,42,45.4400270224961,GPa,2010--Olsson-P-A-T--Au--LAMMPS--ipr1,10.1063/1.3460127,eam/alloy
Au,Olsson-2010,a0,4.078,4.07999999990595,A,2010--Olsson-P-A-T--Au--LAMMPS--ipr1,10.1063/1.3460127,eam/alloy
Au,Olsson-2010,Ecoh,-3.81,-3.80999999999434,eV/atom,2010--Olsson-P-A-T--Au--LAMMPS--ipr1,10.1063/1.3460127,eam/alloy
Au,Norman-2012,C11,192.3,210.360835543277,GPa,2012--Norman-G-E--Au--LAMMPS--ipr1,10.1134/s1063776112040115,eam/alloy
Au,Norman-2012,C12,163.1,159.976448458084,GPa,2012--Norman-G-E--Au--LAMMPS--ipr1,10.1134/s1063776112040115,eam/alloy
Au,Norman-2012,C44,42,54.4571839316836,GPa,2012--Norman-G-E--Au--LAMMPS--ipr1,10.1134/s1063776112040115,eam/alloy
Au,Norman-2012,a0,4.078,4.0685006539571,A,2012--Norman-G-E--Au--LAMMPS--ipr1,10.1134/s1063776112040115,eam/alloy
Au,Norman-2012,Ecoh,-3.81,-4.29936280838569,eV/atom,2012--Norman-G-E--Au--LAMMPS--ipr1,10.1134/s1063776112040115,eam/alloy
Au,Purja-2017,C11,192.3,205.399430841021,GPa,2017--Purja-Pun-G-P--Au--LAMMPS--ipr1,unknown,eam/alloy
Au,Purja-2017,C12,163.1,167.787699332038,GPa,2017--Purja-Pun-G-P--Au--LAMMPS--ipr1,unknown,eam/alloy
Au,Purja-2017,C44,42,48.7761570897886,GPa,2017--Purja-Pun-G-P--Au--LAMMPS--ipr1,unknown,eam/alloy
Au,Purja-2017,a0,4.078,4.07799795103699,A,2017--Purja-Pun-G-P--Au--LAMMPS--ipr1,unknown,eam/alloy
Au,Purja-2017,Ecoh,-3.81,-3.93000000007216,eV/atom,2017--Purja-Pun-G-P--Au--LAMMPS--ipr1,unknown,eam/alloy
Fe,Ackland-1997,C11,230,243.417740826845,GPa,1997--Ackland-G-J--Fe--LAMMPS--ipr1,10.1080/01418619708207198,eam/fs
Fe,Ackland-1997,C12,135,145.060112396444,GPa,1997--Ackland-G-J--Fe--LAMMPS--ipr1,10.1080/01418619708207198,eam/fs
Fe,Ackland-1997,C44,117,116.028658852028,GPa,1997--Ackland-G-J--Fe--LAMMPS--ipr1,10.1080/01418619708207198,eam/fs
Fe,Meyer-1998,C11,230,267.177101069759,GPa,1998--Meyer-R--Fe--LAMMPS--ipr1,10.1103/physrevb.57.5140,eam
Fe,Meyer-1998,C12,135,145.594042558076,GPa,1998--Meyer-R--Fe--LAMMPS--ipr1,10.1103/physrevb.57.5140,eam
Fe,Meyer-1998,C44,117,124.596115836521,GPa,1998--Meyer-R--Fe--LAMMPS--ipr1,10.1103/physrevb.57.5140,eam
Fe,Mendelev-2003,C11,230,244.30500140698,GPa,2003--Mendelev-M-I--Fe-2--LAMMPS--ipr1,10.1080/14786430310001613264,eam/fs
Fe,Mendelev-2003,C12,135,145.324106680144,GPa,2003--Mendelev-M-I--Fe-2--LAMMPS--ipr1,10.1080/14786430310001613264,eam/fs
Fe,Mendelev-2003,C44,117,116.349901601642,GPa,2003--Mendelev-M-I--Fe-2--LAMMPS--ipr1,10.1080/14786430310001613264,eam/fs
Fe,Mendelev-2003,C11,230,244.30500140698,GPa,2003--Mendelev-M-I--Fe-2--LAMMPS--ipr1,10.1080/14786430310001613264,eam/fs
Fe,Mendelev-2003,C12,135,145.324106680144,GPa,2003--Mendelev-M-I--Fe-2--LAMMPS--ipr1,10.1080/14786430310001613264,eam/fs
Fe,Mendelev-2003,C44,117,116.349901601642,GPa,2003--Mendelev-M-I--Fe-2--LAMMPS--ipr1,10.1080/14786430310001613264,eam/fs
Fe,Mendelev-2003,C11,230,244.30500140698,GPa,2003--Mendelev-M-I--Fe-2--LAMMPS--ipr1,10.1080/14786430310001613264,eam/fs
Fe,Mendelev-2003,C12,135,145.324106680144,GPa,2003--Mendelev-M-I--Fe-2--LAMMPS--ipr1,10.1080/14786430310001613264,eam/fs
Fe,Mendelev-2003,C44,117,116.349901601642,GPa,2003--Mendelev-M-I--Fe-2--LAMMPS--ipr1,10.1080/14786430310001613264,eam/fs
Fe,Mendelev-2003,C11,230,244.30500140698,GPa,2003--Mendelev-M-I--Fe-2--LAMMPS--ipr1,10.1080/14786430310001613264,eam/fs
Fe,Mendelev-2003,C12,135,145.324106680144,GPa,2003--Mendelev-M-I--Fe-2--LAMMPS--ipr1,10.1080/14786430310001613264,eam/fs
Fe,Mendelev-2003,C44,117,116.349901601642,GPa,2003--Mendelev-M-I--Fe-2--LAMMPS--ipr1,10.1080/14786430310001613264,eam/fs
Fe,Zhou-2004,C11,230,231.313377489364,GPa,2004--Zhou-X-W--Fe--LAMMPS--ipr1,10.1103/physrevb.69.144113,eam/alloy
Fe,Zhou-2004,C12,135,136.671198679428,GPa,2004--Zhou-X-W--Fe--LAMMPS--ipr1,10.1103/physrevb.69.144113,eam/alloy
Fe,Zhou-2004,C44,117,117.773907211023,GPa,2004--Zhou-X-W--Fe--LAMMPS--ipr1,10.1103/physrevb.69.144113,eam/alloy
Fe,Zhou-2004,C11,230,231.313377489364,GPa,2004--Zhou-X-W--Fe--LAMMPS--ipr1,10.1103/physrevb.69.144113,eam/alloy
Fe,Zhou-2004,C12,135,136.671198679428,GPa,2004--Zhou-X-W--Fe--LAMMPS--ipr1,10.1103/physrevb.69.144113,eam/alloy
Fe,Zhou-2004,C44,117,117.773907211023,GPa,2004--Zhou-X-W--Fe--LAMMPS--ipr1,10.1103/physrevb.69.144113,eam/alloy
Fe,Chamati-2006,C11,230,241.106317555285,GPa,2006--Chamati-H--Fe--LAMMPS--ipr1,10.1016/j.susc.2006.02.010,eam/alloy
Fe,Chamati-2006,C12,135,146.843762344199,GPa,2006--Chamati-H--Fe--LAMMPS--ipr1,10.1016/j.susc.2006.02.010,eam/alloy
Fe,Chamati-2006,C44,117,114.042978530876,GPa,2006--Chamati-H--Fe--LAMMPS--ipr1,10.1016/j.susc.2006.02.010,eam/alloy
Fe,Olsson-2009,C11,230,239.549921329721,GPa,2009--Olsson-P-A-T--Fe--LAMMPS--ipr1,10.1016/j.commatsci.2009.06.025,eam/alloy
Fe,Olsson-2009,C12,135,135.749970006566,GPa,2009--Olsson-P-A-T--Fe--LAMMPS--ipr1,10.1016/j.commatsci.2009.06.025,eam/alloy
Fe,Olsson-2009,C44,117,120.749993267088,GPa,2009--Olsson-P-A-T--Fe--LAMMPS--ipr1,10.1016/j.commatsci.2009.06.025,eam/alloy
Fe,Malerba-2010,C11,230,243.364739627166,GPa,2010--Malerba-L--Fe--LAMMPS--ipr1,10.1016/j.jnucmat.2010.05.017,eam/alloy
Fe,Malerba-2010,C12,135,145.00673520606,GPa,2010--Malerba-L--Fe--LAMMPS--ipr1,10.1016/j.jnucmat.2010.05.017,eam/alloy
Fe,Malerba-2010,C44,117,116.00827448472,GPa,2010--Malerba-L--Fe--LAMMPS--ipr1,10.1016/j.jnucmat.2010.05.017,eam/alloy
Fe,Chiesa-2011,C11,230,243.58416947773,GPa,2011--Chiesa-S--Fe-33--LAMMPS--ipr1,10.1088/0953-8984/23/20/206001,eam/alloy
Fe,Chiesa-2011,C12,135,138.443321940157,GPa,2011--Chiesa-S--Fe-33--LAMMPS--ipr1,10.1088/0953-8984/23/20/206001,eam/alloy
Fe,Chiesa-2011,C44,117,122.220221823163,GPa,2011--Chiesa-S--Fe-33--LAMMPS--ipr1,10.1088/0953-8984/23/20/206001,eam/alloy
Fe,Proville-2012,C11,230,243.389100277123,GPa,2012--Proville-L--Fe--LAMMPS--ipr1,10.1038/nmat3401,eam/alloy
Fe,Proville-2012,C12,135,145.007846404603,GPa,2012--Proville-L--Fe--LAMMPS--ipr1,10.1038/nmat3401,eam/alloy
Fe,Proville-2012,C44,117,115.988395950611,GPa,2012--Proville-L--Fe--LAMMPS--ipr1,10.1038/nmat3401,eam/alloy
Fe,Wang-2017,C11,230,285.283471880657,GPa,2017--Wang-P--TWIP--LAMMPS--ipr1,10.1016/j.jmps.2016.09.008,eam/fs
Fe,Wang-2017,C12,135,254.582519975972,GPa,2017--Wang-P--TWIP--LAMMPS--ipr1,10.1016/j.jmps.2016.09.008,eam/fs
Fe,Wang-2017,C44,117,261.85973869577,GPa,2017--Wang-P--TWIP--LAMMPS--ipr1,10.1016/j.jmps.2016.09.008,eam/fs
Fe,Sun-2022,C11,230,245.671257693587,GPa,2022--Sun-Y--Fe--LAMMPS--ipr1,10.1073/pnas.2113059119,eam/fs
Fe,Sun-2022,C12,135,141.434773038422,GPa,2022--Sun-Y--Fe--LAMMPS--ipr1,10.1073/pnas.2113059119,eam/fs
Fe,Sun-2022,C44,117,103.251643259241,GPa,2022--Sun-Y--Fe--LAMMPS--ipr1,10.1073/pnas.2113059119,eam/fs
Cr,Howells-2018,C11,350,415.935931513793,GPa,2018--Howells-C-A--Cr--LAMMPS--ipr1,10.1088/1361-651x/aae400,adp
Cr,Howells-2018,C12,67,110.017402681323,GPa,2018--Howells-C-A--Cr--LAMMPS--ipr1,10.1088/1361-651x/aae400,adp
Cr,Howells-2018,C44,100.8,105.091574829876,GPa,2018--Howells-C-A--Cr--LAMMPS--ipr1,10.1088/1361-651x/aae400,adp
Mo,Ackland-1987,C11,440,464.715426546305,GPa,1987--Ackland-G-J--Mo--LAMMPS--ipr4,10.1080/01418618708204464,eam/fs
Mo,Ackland-1987,C12,172,161.521296186047,GPa,1987--Ackland-G-J--Mo--LAMMPS--ipr4,10.1080/01418618708204464,eam/fs
Mo,Ackland-1987,C44,106,108.91589967207,GPa,1987--Ackland-G-J--Mo--LAMMPS--ipr4,10.1080/01418618708204464,eam/fs
Mo,Zhou-2004,C11,440,456.308883254656,GPa,2004--Zhou-X-W--Mo--LAMMPS--ipr1,10.1103/physrevb.69.144113,eam/alloy
Mo,Zhou-2004,C12,172,167.406449860533,GPa,2004--Zhou-X-W--Mo--LAMMPS--ipr1,10.1103/physrevb.69.144113,eam/alloy
Mo,Zhou-2004,C44,106,115.338450288377,GPa,2004--Zhou-X-W--Mo--LAMMPS--ipr1,10.1103/physrevb.69.144113,eam/alloy
Mo,Zhou-2004,C11,440,456.308883254656,GPa,2004--Zhou-X-W--Mo--LAMMPS--ipr1,10.1103/physrevb.69.144113,eam/alloy
Mo,Zhou-2004,C12,172,167.406449860533,GPa,2004--Zhou-X-W--Mo--LAMMPS--ipr1,10.1103/physrevb.69.144113,eam/alloy
Mo,Zhou-2004,C44,106,115.338450288377,GPa,2004--Zhou-X-W--Mo--LAMMPS--ipr1,10.1103/physrevb.69.144113,eam/alloy
W,Ackland-1987,C11,522,522.447668887972,GPa,1987--Ackland-G-J--W--LAMMPS--ipr1,10.1080/01418618708204464,eam/fs
W,Ackland-1987,C12,204,204.424124018484,GPa,1987--Ackland-G-J--W--LAMMPS--ipr1,10.1080/01418618708204464,eam/fs
W,Ackland-1987,C44,161,160.620876505167,GPa,1987--Ackland-G-J--W--LAMMPS--ipr1,10.1080/01418618708204464,eam/fs
W,Han-2003,C11,522,532.612621061878,GPa,2003--Han-S--W--LAMMPS--ipr1,10.1063/1.1555275,eam/fs
W,Han-2003,C12,204,205.015564047227,GPa,2003--Han-S--W--LAMMPS--ipr1,10.1063/1.1555275,eam/fs
W,Han-2003,C44,161,163.198757526744,GPa,2003--Han-S--W--LAMMPS--ipr1,10.1063/1.1555275,eam/fs
W,Zhou-2004,C11,522,519.925714767046,GPa,2004--Zhou-X-W--W--LAMMPS--ipr1,10.1103/physrevb.69.144113,eam/alloy
W,Zhou-2004,C12,204,202.171371201506,GPa,2004--Zhou-X-W--W--LAMMPS--ipr1,10.1103/physrevb.69.144113,eam/alloy
W,Zhou-2004,C44,161,158.961327703676,GPa,2004--Zhou-X-W--W--LAMMPS--ipr1,10.1103/physrevb.69.144113,eam/alloy
W,Zhou-2004,C11,522,519.925714767046,GPa,2004--Zhou-X-W--W--LAMMPS--ipr1,10.1103/physrevb.69.144113,eam/alloy
W,Zhou-2004,C12,204,202.171371201506,GPa,2004--Zhou-X-W--W--LAMMPS--ipr1,10.1103/physrevb.69.144113,eam/alloy
W,Zhou-2004,C44,161,158.961327703676,GPa,2004--Zhou-X-W--W--LAMMPS--ipr1,10.1103/physrevb.69.144113,eam/alloy
W,Olsson-2009,C11,522,532.5505077326,GPa,2009--Olsson-P-A-T--W--LAMMPS--ipr1,10.1016/j.commatsci.2009.06.025,eam/alloy
W,Olsson-2009,C12,204,204.949590716737,GPa,2009--Olsson-P-A-T--W--LAMMPS--ipr1,10.1016/j.commatsci.2009.06.025,eam/alloy
W,Olsson-2009,C44,161,163.12961803319,GPa,2009--Olsson-P-A-T--W--LAMMPS--ipr1,10.1016/j.commatsci.2009.06.025,eam/alloy
W,Marinica-2013,C11,522,522.997374098956,GPa,2013--Marinica-M-C--W-2--LAMMPS--ipr1,10.1088/0953-8984/25/39/395502,eam/alloy
W,Marinica-2013,C12,204,202.989283665779,GPa,2013--Marinica-M-C--W-2--LAMMPS--ipr1,10.1088/0953-8984/25/39/395502,eam/alloy
W,Marinica-2013,C44,161,160.008744219445,GPa,2013--Marinica-M-C--W-2--LAMMPS--ipr1,10.1088/0953-8984/25/39/395502,eam/alloy
W,Marinica-2013,C11,522,522.997374098956,GPa,2013--Marinica-M-C--W-2--LAMMPS--ipr1,10.1088/0953-8984/25/39/395502,eam/alloy
W,Marinica-2013,C12,204,202.989283665779,GPa,2013--Marinica-M-C--W-2--LAMMPS--ipr1,10.1088/0953-8984/25/39/395502,eam/alloy
W,Marinica-2013,C44,161,160.008744219445,GPa,2013--Marinica-M-C--W-2--LAMMPS--ipr1,10.1088/0953-8984/25/39/395502,eam/alloy
W,Marinica-2013,C11,522,522.997374098956,GPa,2013--Marinica-M-C--W-2--LAMMPS--ipr1,10.1088/0953-8984/25/39/395502,eam/alloy
W,Marinica-2013,C12,204,202.989283665779,GPa,2013--Marinica-M-C--W-2--LAMMPS--ipr1,10.1088/0953-8984/25/39/395502,eam/alloy
W,Marinica-2013,C44,161,160.008744219445,GPa,2013--Marinica-M-C--W-2--LAMMPS--ipr1,10.1088/0953-8984/25/39/395502,eam/alloy
W,Wilson-2016,C11,522,522.098200867283,GPa,2016--Wilson-S-R--fictional-W--LAMMPS--ipr1,10.1063/1.4946032,eam/fs
W,Wilson-2016,C12,204,203.998945929554,GPa,2016--Wilson-S-R--fictional-W--LAMMPS--ipr1,10.1063/1.4946032,eam/fs
W,Wilson-2016,C44,161,160.584412151429,GPa,2016--Wilson-S-R--fictional-W--LAMMPS--ipr1,10.1063/1.4946032,eam/fs
W,Mason-2017,C11,522,542.858544264778,GPa,2017--Mason-D-R--W--LAMMPS--ipr1,10.1088/1361-648x/aa9776,eam/fs
W,Mason-2017,C12,204,204.416906615819,GPa,2017--Mason-D-R--W--LAMMPS--ipr1,10.1088/1361-648x/aa9776,eam/fs
W,Mason-2017,C44,161,160.613711875574,GPa,2017--Mason-D-R--W--LAMMPS--ipr1,10.1088/1361-648x/aa9776,eam/fs
V,Ackland-1987,C11,230,227.905637839735,GPa,1987--Ackland-G-J--V--LAMMPS--ipr1,10.1080/01418618708204464,eam/fs
V,Ackland-1987,C12,119,118.697555508101,GPa,1987--Ackland-G-J--V--LAMMPS--ipr1,10.1080/01418618708204464,eam/fs
V,Ackland-1987,C44,43.5,42.59229396161,GPa,1987--Ackland-G-J--V--LAMMPS--ipr1,10.1080/01418618708204464,eam/fs
V,Han-2003,C11,230,227.565631707683,GPa,2003--Han-S--V--LAMMPS--ipr1,10.1063/1.1555275,eam/fs
V,Han-2003,C12,119,119.098197081419,GPa,2003--Han-S--V--LAMMPS--ipr1,10.1063/1.1555275,eam/fs
V,Han-2003,C44,43.5,43.1550400923076,GPa,2003--Han-S--V--LAMMPS--ipr1,10.1063/1.1555275,eam/fs
V,Olsson-2009,C11,230,232.399543301879,GPa,2009--Olsson-P-A-T--V--LAMMPS--ipr1,10.1016/j.commatsci.2009.06.025,eam/alloy
V,Olsson-2009,C12,119,119.345189472385,GPa,2009--Olsson-P-A-T--V--LAMMPS--ipr1,10.1016/j.commatsci.2009.06.025,eam/alloy
V,Olsson-2009,C44,43.5,45.9659025044754,GPa,2009--Olsson-P-A-T--V--LAMMPS--ipr1,10.1016/j.commatsci.2009.06.025,eam/alloy
