species,crystal,model_id,short_label,c11,c12,c44,bulk_modulus,nist_id,nist_potid,match_confidence
Al,fcc,EAM_CubicNaturalSpline_ErcolessiAdams_1994_Al__MO_800509458712_003,Ercolessi-1994,117.97,62.21,36.69,80.80,,,0.00
Al,fcc,EAM_Dynamo_AngeloMoodyBaskes_1995_NiAlH__MO_418978237058_006,Angelo-1995,114.02,62.05,31.62,79.37,1995--Angelo-J-E--Ni-Al-H--LAMMPS--ipr1,1995--Angelo-J-E-Moody-N-R-Baskes-M-I--Ni-Al-H,1.00
Al,fcc,EAM_Dynamo_CaiYe_1996_AlCu__MO_942551040047_006,Cai-1996,90.15,70.73,33.08,77.20,,,0.00
Al,fcc,EAM_Dynamo_ErcolessiAdams_1994_Al__MO_123629422045_006,Ercolessi-1994,117.97,62.21,36.69,80.80,,,0.00
Al,fcc,EAM_Dynamo_FarkasCaro_2020_FeNiCrCoAl__MO_820335782779_001,Farkas-2020,113.49,61.26,31.72,78.67,2020--Farkas-D--Fe-Ni-Cr-Co-Al--LAMMPS--ipr1,2020--Farkas-D-Caro-A--Fe-Ni-Cr-Co-Al,1.00
Al,fcc,EAM_Dynamo_FarkasJones_1996_NbTiAl__MO_042691367780_001,Farkas-1996,180.95,123.55,50.79,142.68,1996--Farkas-D--Nb-Ti-Al--LAMMPS--ipr1,1996--Farkas-D-Jones-C--Nb-Ti-Al,1.00
Al,fcc,EAM_Dynamo_JacobsenNorskovPuska_1987_Al__MO_411692133366_001,Jacobsen-1987,988.55,740.26,742.36,823.02,,,0.00
Al,fcc,EAM_Dynamo_LandaWynblattSiegel_2000_AlPb__MO_699137396381_006,Landa-2000,107.91,56.91,32.87,73.91,2000--Landa-A--Al-Pb--LAMMPS--ipr1,2000--Landa-A-Wynblatt-P-Siegel-D-J-et-al--Al-Pb,1.00
Al,fcc,EAM_Dynamo_LiuAdams_1998_AlMg__MO_019873715786_001,Liu-1998,117.30,61.93,32.23,80.39,1998--Liu-X-Y--Al-Mg--LAMMPS--ipr1,1998--Liu-X-Y-Adams-J-B--Al-Mg,1.00
Al,fcc,EAM_Dynamo_LiuErcolessiAdams_2004_Al__MO_051157671505_001,Liu-2004,118.84,62.86,32.96,81.52,2004--Liu-X-Y--Al--LAMMPS--ipr1,2004--Liu-X-Y-Ercolessi-F-Adams-J-B--Al,1.00
Al,fcc,EAM_Dynamo_LiuLiuBorucki_1999_AlCu__MO_020851069572_001,Liu-1999,118.39,62.56,36.61,81.17,1999--Liu-X-Y--Al-Cu--LAMMPS--ipr1,1999--Liu-X-Y-Liu-C-L-Borucki-L-J--Al-Cu,1.00
Al,fcc,EAM_Dynamo_LiuOhotnickyAdams_1997_AlMg__MO_559870613549_001,Liu-1997,118.06,62.27,36.67,80.87,1997--Liu-X-Y--Al-Mg--LAMMPS--ipr1,1997--Liu-X-Y-Ohotnicky-P-P-Adams-J-B-et-al--Al-Mg,1.00
Al,fcc,EAM_Dynamo_MendelevAstaRahman_2009_AlMg__MO_658278549784_006,Mendelev-2009,110.20,61.37,32.57,77.65,2009--Mendelev-M-I--Al-Mg--LAMMPS--ipr1,2009--Mendelev-M-I-Asta-M-Rahman-M-J-Hoyt-J-J--Al-Mg,1.00
Al,fcc,EAM_Dynamo_MendelevFangYe_2015_AlSm__MO_338600200739_001,Mendelev-2015,117.14,63.06,40.91,81.08,2015--Mendelev-M-I--Al-Sm--LAMMPS--ipr1,2015--Mendelev-M-I-Zhang-F-Ye-Z-et-al--Al-Sm,1.00
Al,fcc,EAM_Dynamo_MendelevKramerBecker_2008_Al__MO_106969701023_006,Mendelev-2008,110.14,61.34,32.56,77.60,2008--Mendelev-M-I--Al--LAMMPS--ipr1,2008--Mendelev-M-I-Kramer-M-J-Becker-C-A-Asta-M--Al,1.00
Al,fcc,EAM_Dynamo_MendelevSrolovitzAckland_2005_AlFe__MO_577453891941_006,Mendelev-2005,116.63,61.22,33.23,79.69,2005--Mendelev-M-I--Al-Fe--LAMMPS--ipr1,2005--Mendelev-M-I-Srolovitz-D-J-Ackland-G-J-Han-S--Al-Fe,1.00
Al,fcc,EAM_Dynamo_MishinFarkasMehl_1999_Al__MO_651801486679_006,Mishin-1999,113.74,61.50,31.60,78.91,1999--Mishin-Y--Al--LAMMPS--ipr1,1999--Mishin-Y-Farkas-D-Mehl-M-J-Papaconstantopoulos-D-A--Al,1.00
Al,fcc,EAM_Dynamo_MishinMehlPapaconstantopoulos_2002_NiAl__MO_109933561507_006,Mishin-2002,145.06,78.12,84.36,100.44,2002--Mishin-Y--Ni-Al--LAMMPS--ipr1,2002--Mishin-Y-Mehl-M-J-Papaconstantopoulos-D-A--Ni-Al,1.00
Al,fcc,EAM_Dynamo_Mishin_2004_NiAl__MO_101214310689_006,Mishin-2004,116.81,60.11,31.66,79.01,2004--Mishin-Y--Ni-Al--LAMMPS--ipr1,2004--Mishin-Y--Ni-Al,1.00
Al,fcc,EAM_Dynamo_PunMishin_2009_NiAl__MO_751354403791_006,Pun-2009,113.75,61.50,31.60,78.92,,,0.00
Al,fcc,EAM_Dynamo_PunYamakovMishin_2013_AlCo__MO_678952612413_001,Pun-2013,113.75,61.50,31.60,78.92,,,0.00
Al,fcc,EAM_Dynamo_PunYamakovMishin_2013_NiAlCo__MO_826591359508_001,Pun-2013,113.75,61.50,31.60,78.92,,,0.00
Al,fcc,EAM_Dynamo_SchopfBrommerFrigan_2012_AlMnPd__MO_137572817842_001,Schopf-2012,56.12,30.29,8.99,38.90,2012--Schopf-D--Al-Mn-Pd--LAMMPS--ipr1,2012--Schopf-D-Brommer-P-Frigan-B-Trebin-H-R--Al-Mn-Pd,1.00
Al,fcc,EAM_Dynamo_SongMendelev_2021_AlSm__MO_722733117926_001,Song-2021,118.56,60.29,34.32,79.72,2021--Song-H--Al-Sm--LAMMPS--ipr1,2021--Song-H-Mendelev-M-I--Al-Sm,1.00
Al,fcc,EAM_Dynamo_SturgeonLaird_2000_Al__MO_120808805541_006,Sturgeon-2000,94.39,68.05,42.36,76.83,2000--Sturgeon-J-B--Al--LAMMPS--ipr1,2000--Sturgeon-J-B-Laird-B-B--Al,1.00
Al,fcc,EAM_Dynamo_VailheFarkas_1997_CoAl__MO_284963179498_006,Vailhe-1997,108.16,73.94,30.42,85.34,,,0.00
Al,fcc,EAM_Dynamo_VoterChen_1993_Al__MO_986439208975_001,Voter-1993,104.62,63.89,31.97,77.47,,,0.00
Al,fcc,EAM_Dynamo_WineyKubotaGupta_2010_Al__MO_149316865608_006,Winey-2010,113.82,61.71,31.26,79.08,2010--Winey-J-M--Al--LAMMPS--ipr1,2009--Winey-J-M-Kubota-A-Gupta-Y-M--Al,0.80
Al,fcc,EAM_Dynamo_Zhakhovsky_2009_Al__MO_519613893196_001,Zhakhovsky-2009,105.06,69.83,44.08,81.57,2009--Zhakhovskii-V-V--Al--LAMMPS--ipr1,2009--Zhakhovskii-V-V-Inogamov-N-A-Petrov-Y-V-et-al--Al,0.70
Al,fcc,EAM_Dynamo_ZhouJohnsonWadley_2004NISTretabulation_Al__MO_060567868558_001,EAM_Dynamo_ZhouJohnsonWadley_2004NISTret,142.70,60.41,51.33,87.84,,,0.00
Al,fcc,EAM_Dynamo_ZhouJohnsonWadley_2004_Al__MO_131650261510_006,Zhou-2004,145.09,61.87,33.15,89.61,2004--Zhou-X-W--Al--LAMMPS--ipr1,2004--Zhou-X-W-Johnson-R-A-Wadley-H-N-G--Al,1.00
Al,fcc,EAM_Dynamo_ZhouJohnsonWadley_2004_CuAgAuNiPdPtAlPbFeMoTaWMgCoTiZr__MO_870117231765_001,Zhou-2004,106.81,60.46,28.28,75.91,2004--Zhou-X-W--Al--LAMMPS--ipr1,2004--Zhou-X-W-Johnson-R-A-Wadley-H-N-G--Al,1.00
Al,fcc,EAM_Dynamo_ZhouWadleyJohnson_2001_Al__MO_049243498555_001,Zhou-2001,127.08,81.35,36.43,96.60,,,0.00
Al,fcc,EAM_Dynamo_ZopeMishin_2003_Al__MO_664470114311_006,Zope-2003,116.81,60.11,31.66,79.01,2003--Zope-R-R--Al--LAMMPS--ipr1,2003--Zope-R-R-Mishin-Y--Al,1.00
Al,fcc,EAM_Dynamo_ZopeMishin_2003_TiAl__MO_117656786760_006,Zope-2003,116.81,60.11,31.66,79.01,2003--Zope-R-R--Al--LAMMPS--ipr1,2003--Zope-R-R-Mishin-Y--Al,1.00
Al,fcc,EAM_ErcolessiAdams_1994_Al__MO_324507536345_003,Ercolessi-1994,117.95,62.21,36.93,80.79,,,0.00
Al,fcc,EAM_IMD_BrommerGaehler_2006A_AlNiCo__MO_122703700223_003,EAM_IMD_BrommerGaehler_2006A_AlNiCo__MO_,128.22,86.49,27.60,100.40,,,0.00
Al,fcc,EAM_IMD_BrommerGaehler_2006B_AlNiCo__MO_128037485276_003,EAM_IMD_BrommerGaehler_2006B_AlNiCo__MO_,73.63,34.57,26.03,47.59,,,0.00
Al,fcc,EAM_IMD_SchopfBrommerFrigan_2012_AlMnPd__MO_878712978062_003,Schopf-2012,56.32,30.48,9.15,39.09,2012--Schopf-D--Al-Mn-Pd--LAMMPS--ipr1,2012--Schopf-D-Brommer-P-Frigan-B-Trebin-H-R--Al-Mn-Pd,1.00
Al,fcc,EAM_QuinticClampedSpline_ErcolessiAdams_1994_Al__MO_450093727396_003,Ercolessi-1994,117.96,62.21,36.69,80.79,,,0.00
Al,fcc,EAM_QuinticHermiteSpline_ErcolessiAdams_1994_Al__MO_781138671863_003,Ercolessi-1994,117.96,62.21,36.69,80.79,,,0.00
Al,fcc,EMT_Asap_Standard_JacobsenStoltzeNorskov_1996_AlAgAuCuNiPdPt__MO_115316750986_001,Jacobsen-1996,54.03,33.25,36.66,40.18,,,0.00
Al,fcc,EMT_Asap_Standard_JacobsenStoltzeNorskov_1996_Al__MO_623376124862_001,Jacobsen-1996,54.04,33.26,36.67,40.19,,,0.00
Al,fcc,GEAM_LAMMPS_Samanta_2025_AlMgY__MO_534783049221_000,Samanta-2025,122.05,55.11,28.44,77.42,,,0.00
Al,fcc,LJ_ElliottAkerson_2015_Universal__MO_959249795837_003,Elliott-2015,4463.58,2546.67,2551.96,3185.64,,,0.00
Al,fcc,MEAM_LAMMPS_AlmyrasSangiovanniSarakinos_2019_NAlTi__MO_958395190627_002,Almyras-2019,118.52,59.80,27.12,79.37,,,0.00
Al,fcc,MEAM_LAMMPS_CostaAgrenClavaguera_2007_AlNi__MO_131642768288_002,Costa-2007,114.33,61.92,31.57,79.39,,,0.00
Al,fcc,MEAM_LAMMPS_DickelBaskesAslam_2018_MgAlZn__MO_093637366498_002,Dickel-2018,116.56,60.61,31.58,79.26,2018--Dickel-D-E--Mg-Al-Zn--LAMMPS--ipr1,2018--Dickel-D-E-Baskes-M-I-Aslam-I-Barrett-C-D--Mg-Al-Zn,1.00
Al,fcc,MEAM_LAMMPS_DongKimKo_2012_CoAl__MO_099716416216_002,Dong-2012,114.33,61.92,31.57,79.39,2012--Dong-W-P--Co-Al--LAMMPS--ipr1,2012--Dong-W-P-Kim-H-K-Ko-W-S-et-al--Co-Al,1.00
Al,fcc,MEAM_LAMMPS_JelinekGrohHorstemeyer_2012_AlSiMgCuFe__MO_262519520678_002,Jelinek-2012,110.53,60.90,28.40,77.45,2012--Jelinek-B--Al-Si-Mg-Cu-Fe--LAMMPS--ipr1,2012--Jelinek-B-Groh-S-Horstemeyer-M-F-et-al--Al-Si-Mg-Cu-Fe,1.00
Al,fcc,MEAM_LAMMPS_JeongParkDo_2018_PdAl__MO_616482358807_002,Jeong-2018,114.33,61.92,31.57,79.39,2018--Jeong-G-U--Pd-Al--LAMMPS--ipr1,2018--Jeong-G-U-Park-C-S-Do-H-S-et-al--Pd-Al,1.00
Al,fcc,MEAM_LAMMPS_KimJungLee_2015_NiAlCo__MO_876687166519_002,Kim-2015,114.33,61.92,31.57,79.39,2015--Kim-Y-K--Ni-Al-Co--LAMMPS--ipr1,2015--Kim-Y-K-Jung-W-S-Lee-B-J--Ni-Al-Co,1.00
Al,fcc,MEAM_LAMMPS_KimKimJung_2016_AlTi__MO_618133763375_002,Kim-2016,114.33,61.92,31.57,79.39,2016--Kim-Y-K--Al-Ti--LAMMPS--ipr1,2016--Kim-Y-K-Kim-H-K-Jung-W-S-Lee-B-J--Al-Ti,1.00
Al,fcc,MEAM_LAMMPS_KimKimJung_2017_NiAlTi__MO_478967255435_002,Kim-2017,114.33,61.92,31.57,79.39,2017--Kim-J-S--Pt-Al--LAMMPS--ipr1,2017--Kim-J-S-Seol-D-Ji-J-et-al--Pt-Al,1.00
Al,fcc,MEAM_LAMMPS_KimKimLee_2009_AlMg__MO_058537087384_002,Kim-2009,114.33,61.92,31.57,79.39,2009--Kim-Y-M--Mg-Al--LAMMPS--ipr1,2009--Kim-Y-M-Kim-N-J-Lee-B-J--Mg-Al,1.00
Al,fcc,MEAM_LAMMPS_KimSeolJi_2017_PtAl__MO_793141037706_002,Kim-2017,114.33,61.92,31.57,79.39,2017--Kim-J-S--Pt-Al--LAMMPS--ipr1,2017--Kim-J-S-Seol-D-Ji-J-et-al--Pt-Al,1.00
Al,fcc,MEAM_LAMMPS_KoShimLee_2011_AlH__MO_127847080751_002,Ko-2011,114.33,61.92,31.57,79.39,2011--Ko-W-S--Al-H--LAMMPS--ipr1,2011--Ko-W-S-Shim-J-H-Lee-B-J--Al-H,1.00
Al,fcc,MEAM_LAMMPS_LeeLee_2010_FeAl__MO_332211522050_002,Lee-2010,98.14,70.53,31.89,79.74,2010--Lee-E--Fe-Al--LAMMPS--ipr1,2010--Lee-E-Lee-B-J--Fe-Al,1.00
Al,fcc,MEAM_LAMMPS_LeeShimBaskes_2003_Al__MO_353977746962_001,Lee-2003,114.33,61.92,31.57,79.39,2003--Lee-B-J--Al--LAMMPS--ipr1,2003--Lee-B-J-Shim-J-H-Baskes-M-I--Al,1.00
Al,fcc,MEAM_LAMMPS_MahataMukhopadhyayAsleZaeem_2022_AlFe__MO_304347095149_001,Mahata-2022,224.63,40.03,26.65,101.56,2022--Mahata-A--Al-Cu--LAMMPS--ipr1,2022--Mahata-A-Mukhopadhyay-T-Asle-Zaeem-M--Al-Cu,1.00
Al,fcc,MEAM_LAMMPS_MahataMukhopadhyayAsleZaeem_2022_AlNi__MO_461927113651_001,Mahata-2022,104.31,58.33,29.60,73.66,2022--Mahata-A--Al-Cu--LAMMPS--ipr1,2022--Mahata-A-Mukhopadhyay-T-Asle-Zaeem-M--Al-Cu,1.00
Al,fcc,MEAM_LAMMPS_PascuetFernandez_2015_AlU__MO_596300673917_002,Pascuet-2015,113.54,61.57,45.37,78.89,2015--Pascuet-M-I--Al--LAMMPS--ipr1,2015--Pascuet-M-I-Fernandez-J-R--Al,1.00
Al,fcc,MEAM_LAMMPS_PascuetFernandez_2015_Al__MO_315820974149_002,Pascuet-2015,113.54,61.57,45.37,78.89,2015--Pascuet-M-I--Al--LAMMPS--ipr1,2015--Pascuet-M-I-Fernandez-J-R--Al,1.00
Al,fcc,MEAM_LAMMPS_RoyDuttaChakraborti_2021_AlLi__MO_971738391444_001,Roy-2021,128.46,51.84,28.61,77.38,,,0.00
Al,fcc,MEAM_LAMMPS_SharifiWick_2025_FeMnNiTiCuCrCoAl__MO_675947402254_000,Sharifi-2025,100.76,60.11,28.46,73.66,2025--Sharifi-H--Al--LAMMPS--ipr1,2025--Sharifi-H-Wick-C-D--Al,1.00
Al,fcc,MEAM_LAMMPS_ShimKoKim_2013_AlVH__MO_344724145339_002,Shim-2013,114.33,61.92,31.57,79.39,2013--Shim-J-H--V-Al--LAMMPS--ipr1,2013--Shim-J-H-Ko-W-S-Kim-K-H-et-al--V-Al,1.00
Al,fcc,MEAM_LAMMPS_SunRamachandranWick_2018_TiAl__MO_022920256108_002,Sun-2018,87.01,54.94,35.00,65.63,,,0.00
Al,fcc,Morse_Shifted_GirifalcoWeizer_1959HighCutoff_Al__MO_140175748626_004,Morse_Shifted_GirifalcoWeizer_1959HighCu,82.23,60.27,63.52,67.59,,,0.00
Al,fcc,Morse_Shifted_GirifalcoWeizer_1959LowCutoff_Al__MO_411898953661_004,Morse_Shifted_GirifalcoWeizer_1959LowCut,97.11,65.38,66.01,75.95,,,0.00
Al,fcc,Morse_Shifted_GirifalcoWeizer_1959MedCutoff_Al__MO_279544746097_004,Morse_Shifted_GirifalcoWeizer_1959MedCut,95.36,67.25,67.93,76.62,,,0.00
Al,fcc,PolyMLP_Seko_2022p1_AlAu__MO_773361983100_000,PolyMLP_Seko_2022p1_AlAu__MO_77336198310,111.12,54.88,38.83,73.63,,,0.00
Al,fcc,PolyMLP_Seko_2022p1_AlGe__MO_727636380924_000,PolyMLP_Seko_2022p1_AlGe__MO_72763638092,113.45,48.07,41.73,69.87,,,0.00
Al,fcc,PolyMLP_Seko_2022p1_AlSc__MO_249690680481_000,PolyMLP_Seko_2022p1_AlSc__MO_24969068048,118.58,51.15,42.09,73.63,,,0.00
Al,fcc,PolyMLP_Seko_2022p1_AlSi__MO_772463641678_000,PolyMLP_Seko_2022p1_AlSi__MO_77246364167,121.33,67.45,35.66,85.41,,,0.00
Al,fcc,PolyMLP_Seko_2022p1_AlY__MO_936457231816_000,PolyMLP_Seko_2022p1_AlY__MO_936457231816,104.82,50.42,38.12,68.55,,,0.00
Al,fcc,PolyMLP_Seko_2022p1_AlZr__MO_937296258990_000,PolyMLP_Seko_2022p1_AlZr__MO_93729625899,116.88,52.47,42.06,73.94,,,0.00
Al,fcc,PolyMLP_Seko_2022p1_TiAl__MO_223894196126_000,PolyMLP_Seko_2022p1_TiAl__MO_22389419612,101.44,48.78,36.24,66.34,,,0.00
Al,fcc,PolyMLP_Seko_2022p2_AlAg__MO_540932853733_000,PolyMLP_Seko_2022p2_AlAg__MO_54093285373,103.93,49.75,37.54,67.81,,,0.00
Al,fcc,PolyMLP_Seko_2022p2_AlPt__MO_114321754774_000,PolyMLP_Seko_2022p2_AlPt__MO_11432175477,116.47,52.48,42.84,73.81,,,0.00
Al,fcc,PolyMLP_Seko_2022p2_AlSr__MO_233853181609_000,PolyMLP_Seko_2022p2_AlSr__MO_23385318160,117.99,49.24,42.29,72.15,,,0.00
Al,fcc,Sim_LAMMPS_ADP_ApostolMishin_2011_AlCu__SM_667696763561_000,Apostol-2011,113.57,61.32,31.61,78.74,2011--Apostol-F--Al-Cu--LAMMPS--ipr1,2011--Apostol-F-Mishin-Y--Al-Cu,1.00
Al,fcc,Sim_LAMMPS_ADP_StarikovGordeevLysogorskiy_2020_SiAuAl__SM_113843830602_000,Starikov-2020,110.18,57.31,39.77,74.94,2020--Starikov-S--Si-Au-Al--LAMMPS--ipr1,2020--Starikov-S-Gordeev-I-Lysogorskiy-Y-et-al--Si-Au-Al,1.00
Al,fcc,Sim_LAMMPS_BOP_ZhouWardFoster_2016_AlCu__SM_566399258279_001,Zhou-2016,114.84,62.64,31.60,80.04,2016--Zhou-X-W--Al-Cu--LAMMPS--ipr1,2016--Zhou-X-W-Ward-D-K-Foster-M-E--Al-Cu,1.00
Al,fcc,Sim_LAMMPS_MEAM_AlmyrasSangiovanniSarakinos_2019_NAlTi__SM_871795249052_000,Almyras-2019,118.52,59.80,27.12,79.37,,,0.00
Al,fcc,Sim_LAMMPS_MEAM_JelinekGrohHorstemeyer_2012_AlSiMgCuFe__SM_656517352485_000,Jelinek-2012,110.53,60.90,28.40,77.45,2012--Jelinek-B--Al-Si-Mg-Cu-Fe--LAMMPS--ipr1,2012--Jelinek-B-Groh-S-Horstemeyer-M-F-et-al--Al-Si-Mg-Cu-Fe,1.00
Al,fcc,Sim_LAMMPS_MEAM_PascuetFernandez_2015_AlU__SM_721930391003_000,Pascuet-2015,113.54,61.57,45.37,78.89,2015--Pascuet-M-I--Al--LAMMPS--ipr1,2015--Pascuet-M-I-Fernandez-J-R--Al,1.00
Al,fcc,Sim_LAMMPS_MEAM_PascuetFernandez_2015_Al__SM_811588957187_000,Pascuet-2015,113.54,61.57,45.37,78.89,2015--Pascuet-M-I--Al--LAMMPS--ipr1,2015--Pascuet-M-I-Fernandez-J-R--Al,1.00
Al,fcc,Sim_LAMMPS_SMTBQ_SallesPolitanoAmzallag_2016_Al__SM_404097633924_000,Salles-2016,93.62,75.22,37.64,81.35,,,0.00
Al,fcc,Tersoff_LAMMPS_PlummerRathodSrivastava_2021_TiAlC__MO_992900971352_000,Plummer-2021,264.94,66.41,35.40,132.59,2021--Plummer-G--Ti-Al-C--LAMMPS--ipr1,2021--Plummer-G-Rathod-H-Srivastava-A-et-al--Ti-Al-C,1.00
Al,fcc,Tersoff_LAMMPS_PlummerTucker_2019_TiAlC__MO_736419017411_000,Plummer-2019,264.94,66.41,35.40,132.59,2019--Plummer-G--Ti-Al-C--LAMMPS--ipr1,2019--Plummer-G-Tucker-G-J--Ti-Al-C,1.00
Cu,fcc,EAM_Dynamo_AcklandTichyVitek_1987_Cu__MO_179025990738_006,Ackland-1987,169.86,122.10,76.47,138.02,1987--Ackland-G-J--Cu--LAMMPS--ipr1,1987--Ackland-G-J-Tichy-G-Vitek-V-Finnis-M-W--Cu,1.00
Cu,fcc,EAM_Dynamo_AcklandTichyVitek_1987v2_Cu__MO_762798677854_001,EAM_Dynamo_AcklandTichyVitek_1987v2_Cu__,169.50,122.05,76.25,137.87,,,0.00
Cu,fcc,EAM_Dynamo_AcklandVitek_1990_Cu__MO_642748370624_001,Ackland-1990,170.48,122.04,76.47,138.18,1990--Ackland-G-J--Cu--LAMMPS--ipr1,1990--Ackland-G-J-Vitek-V--Cu,1.00
Cu,fcc,EAM_Dynamo_AdamsFoilesWolfer_1989Universal6_Cu__MO_145873824897_001,EAM_Dynamo_AdamsFoilesWolfer_1989Univers,168.06,123.75,78.85,138.52,,,0.00
Cu,fcc,EAM_Dynamo_BonnyPasianotCastin_2009_FeCuNi__MO_469343973171_006,Bonny-2009,169.94,122.65,76.21,138.41,2009--Bonny-G--Fe-Cu-Ni--LAMMPS--ipr1,2009--Bonny-G-Pasianot-R-C-Castin-N-Malerba-L--Fe-Cu-Ni,1.00
Cu,fcc,EAM_Dynamo_BonnyTerentyevBakaev_2013_FeCuNiMn__MO_398449950394_000,Bonny-2013,169.94,122.65,76.21,138.41,2013--Bonny-G--Fe-Cu-Ni-Mn--LAMMPS--ipr1,2013--Bonny-G-Terentyev-D-Bakaev-A-et-al--Fe-Cu-Ni-Mn,1.00
Cu,fcc,EAM_Dynamo_CaiYe_1996_AlCu__MO_942551040047_006,Cai-1996,168.33,126.99,75.15,140.77,,,0.00
Cu,fcc,EAM_Dynamo_DeluigiPasianotValencia_2021_FeNiCrCoCu__MO_657255834688_001,Deluigi-2021,170.02,121.78,76.31,137.86,2021--Deluigi-O-R--Fe-Ni-Cr-Co-Cu--LAMMPS--ipr1,2021--Deluigi-O-R-Pasianot-R-C-Valencia-F-J-et-al--Fe-Ni-Cr-Co-Cu,1.00
Cu,fcc,EAM_Dynamo_FarkasCaro_2018_FeNiCrCoCu__MO_803527979660_001,Farkas-2018,170.02,121.78,76.31,137.86,2018--Farkas-D--Fe-Ni-Cr-Co-Cu--LAMMPS--ipr1,2018--Farkas-D-Caro-A--Fe-Ni-Cr-Co-Cu,1.00
Cu,fcc,EAM_Dynamo_FischerSchmitzEich_2019_CuNi__MO_266134052596_001,Fischer-2019,169.93,122.65,76.20,138.41,2019--Fischer-F--Cu-Ni--LAMMPS--ipr1,2019--Fischer-F-Schmitz-G-Eich-S-M--Cu-Ni,1.00
Cu,fcc,EAM_Dynamo_FoilesBaskesDaw_1986Universal3_Cu__MO_666348409573_005,EAM_Dynamo_FoilesBaskesDaw_1986Universal,167.26,124.15,76.45,138.52,,,0.00
Cu,fcc,EAM_Dynamo_Foiles_1985_Cu__MO_831121933939_001,Foiles-1985,168.64,123.47,76.59,138.53,1985--Foiles-S-M--Ni-Cu--LAMMPS--ipr1,1985--Foiles-S-M--Ni-Cu,1.00
Cu,fcc,EAM_Dynamo_GolaPastewka_2018_CuAu__MO_426403318662_001,Gola-2018,170.15,122.79,76.32,138.58,,,0.00
Cu,fcc,EAM_Dynamo_HoytGarvinWebb_2003_PbCu__MO_119135752160_006,Hoyt-2003,169.18,124.76,77.05,139.57,2003--Hoyt-J-J--Cu-Pb--LAMMPS--ipr1,2003--Hoyt-J-J-Garvin-J-W-Webb-E-B-Asta-M--Cu-Pb,1.00
Cu,fcc,EAM_Dynamo_LiuLiuBorucki_1999_AlCu__MO_020851069572_001,Liu-1999,167.26,124.15,76.45,138.52,1999--Liu-X-Y--Al-Cu--LAMMPS--ipr1,1999--Liu-X-Y-Liu-C-L-Borucki-L-J--Al-Cu,1.00
Cu,fcc,EAM_Dynamo_MendelevKing_2013_Cu__MO_748636486270_006,Mendelev-2013,174.14,127.19,83.73,142.84,2012--Mendelev-M-I--Cu--LAMMPS--ipr1,2013--Mendelev-M-I-King-A-H--Cu,1.00
Cu,fcc,EAM_Dynamo_MendelevKramerBecker_2008_Cu__MO_945691923444_006,Mendelev-2008,174.46,127.81,84.45,143.36,2008--Mendelev-M-I--Cu--LAMMPS--ipr1,2008--Mendelev-M-I-Kramer-M-J-Becker-C-A-Asta-M--Cu,1.00
Cu,fcc,EAM_Dynamo_MendelevKramerOtt_2009_CuZr__MO_600021860456_006,Mendelev-2009,174.63,127.88,84.45,143.46,2009--Mendelev-M-I--Cu-Zr--LAMMPS--ipr1,2009--Mendelev-M-I-Kramer-M-J-Ott-R-T-et-al--Cu-Zr,1.00
Cu,fcc,EAM_Dynamo_MendelevSordeletKramer_2007_CuZr__MO_120596890176_006,Mendelev-2007,174.63,127.88,84.45,143.46,2007--Mendelev-M-I--Cu-Zr--LAMMPS--ipr1,2007--Mendelev-M-I-Sordelet-D-J-Kramer-M-J--Cu-Zr,1.00
Cu,fcc,EAM_Dynamo_MendelevSunZhang_2019_CuZr__MO_609260676108_001,Mendelev-2019,174.46,127.81,84.45,143.36,2019--Mendelev-M-I--Cu-Zr--LAMMPS--ipr1,2019--Mendelev-M-I-Sun-Y-Zhang-F-et-al--Cu-Zr,1.00
Cu,fcc,EAM_Dynamo_MishinMehlPapaconstantopoulos_2001_Cu__MO_346334655118_006,Mishin-2001,169.93,122.65,76.20,138.41,2001--Mishin-Y--Cu-1--LAMMPS--ipr1,2001--Mishin-Y-Mehl-M-J-Papaconstantopoulos-D-A-et-al--Cu-1,1.00
Cu,fcc,EAM_Dynamo_OnatDurukanoglu_2014_CuNi__MO_592013496703_006,Onat-2014,170.22,122.60,75.85,138.47,2013--Onat-B--Cu-Ni--LAMMPS--ipr1,2013--Onat-B-Durukanoglu-S--Cu-Ni,0.80
Cu,fcc,EAM_Dynamo_VoterChen_1993_Cu__MO_808763161866_001,Voter-1993,179.02,125.87,80.69,143.59,,,0.00
Cu,fcc,EAM_Dynamo_WilliamsMishinHamilton_2006_CuAg__MO_128703483589_006,Williams-2006,169.93,122.65,76.20,138.41,2006--Williams-P-L--Cu-Ag--LAMMPS--ipr1,2006--Williams-P-L-Mishin-Y-Hamilton-J-C--Cu-Ag,1.00
Cu,fcc,EAM_Dynamo_WuTrinkle_2009_CuAg__MO_270337113239_006,Wu-2009,120.96,91.07,51.04,101.03,2009--Wu-H-H--Cu-Ag--LAMMPS--ipr1,2009--Wu-H-H-Trinkle-D-R--Cu-Ag,1.00
Cu,fcc,EAM_Dynamo_ZhouJohnsonWadley_2004NISTretabulation_CuAgAu__MO_318213562153_001,EAM_Dynamo_ZhouJohnsonWadley_2004NISTret,169.63,122.14,75.75,137.97,,,0.00
Cu,fcc,EAM_Dynamo_ZhouJohnsonWadley_2004NISTretabulation_CuTa__MO_950828638160_001,EAM_Dynamo_ZhouJohnsonWadley_2004NISTret,169.63,122.14,75.75,137.97,,,0.00
Cu,fcc,EAM_Dynamo_ZhouJohnsonWadley_2004NISTretabulation_Cu__MO_759493141826_001,EAM_Dynamo_ZhouJohnsonWadley_2004NISTret,196.30,122.07,92.90,146.81,,,0.00
Cu,fcc,EAM_Dynamo_ZhouJohnsonWadley_2004_CuAgAuNiPdPtAlPbFeMoTaWMgCoTiZr__MO_870117231765_001,Zhou-2004,169.63,122.14,75.75,137.97,2004--Zhou-X-W--Cu--LAMMPS--ipr1,2004--Zhou-X-W-Johnson-R-A-Wadley-H-N-G--Cu,1.00
Cu,fcc,EAM_Dynamo_ZhouJohnsonWadley_2004_CuTa__MO_547744193826_001,Zhou-2004,167.27,120.79,75.17,136.29,2004--Zhou-X-W--Cu--LAMMPS--ipr1,2004--Zhou-X-W-Johnson-R-A-Wadley-H-N-G--Cu,1.00
Cu,fcc,EAM_Dynamo_ZhouJohnsonWadley_2004_Cu__MO_127245782811_006,Zhou-2004,198.21,122.60,92.70,147.80,2004--Zhou-X-W--Cu--LAMMPS--ipr1,2004--Zhou-X-W-Johnson-R-A-Wadley-H-N-G--Cu,1.00
Cu,fcc,EAM_Dynamo_ZhouWadleyJohnson_2001_Cu__MO_380822813353_001,Zhou-2001,180.41,117.11,70.66,138.21,,,0.00
Cu,fcc,EAM_Mendelev_2019_CuZr__MO_945018740343_000,Mendelev-2019,174.25,128.96,84.04,144.06,2019--Mendelev-M-I--Cu-Zr--LAMMPS--ipr1,2019--Mendelev-M-I-Sun-Y-Zhang-F-et-al--Cu-Zr,1.00
Cu,fcc,EAM_NN_Johnson_1988_Cu__MO_887933271505_003,Johnson-1988,184.17,115.32,68.85,138.27,,,0.00
Cu,fcc,EMT_Asap_MetalGlass_BaileySchiotzJacobsen_2004_CuMg__MO_228059236215_001,Bailey-2004,175.46,126.32,82.15,142.70,,,0.00
Cu,fcc,EMT_Asap_MetalGlass_PaduraruKenoufiBailey_2007_CuZr__MO_987541074959_001,Paduraru-2007,175.16,126.19,82.01,142.51,,,0.00
Cu,fcc,EMT_Asap_Standard_JacobsenStoltzeNorskov_1996_AlAgAuCuNiPdPt__MO_115316750986_001,Jacobsen-1996,172.73,115.44,90.08,134.54,,,0.00
Cu,fcc,EMT_Asap_Standard_JacobsenStoltzeNorskov_1996_Cu__MO_396616545191_001,Jacobsen-1996,172.95,115.69,89.88,134.78,,,0.00
Cu,fcc,LJ_ElliottAkerson_2015_Universal__MO_959249795837_003,Elliott-2015,2602.91,1485.07,1488.16,1857.69,,,0.00
Cu,fcc,MEAM_LAMMPS_AgrawalMirzaeifar_2021_CuC__MO_028979335952_002,Agrawal-2021,188.36,118.93,72.24,142.07,2021--Agrawal-A--Cu-C--LAMMPS--ipr1,2021--Agrawal-A-Mirzaeifar-R--Cu-C,1.00
Cu,fcc,MEAM_LAMMPS_AsadiZaeemNouranian_2015_Cu__MO_390178379548_002,Asadi-2015,176.89,127.02,81.85,143.64,2015--Asadi-E--Cu--LAMMPS--ipr1,2015--Asadi-E-Asle-Zaeem-M-Nouranian-S-Baskes-M-I--Cu,1.00
Cu,fcc,MEAM_LAMMPS_EtesamiAsadi_2018_Cu__MO_227887284491_002,Etesami-2018,176.57,127.25,81.78,143.69,2018--Etesami-S-A--Cu--LAMMPS--ipr1,2018--Etesami-S-A-Asadi-E--Cu,1.00
Cu,fcc,MEAM_LAMMPS_JelinekGrohHorstemeyer_2012_AlSiMgCuFe__MO_262519520678_002,Jelinek-2012,172.49,121.89,76.07,138.76,2012--Jelinek-B--Al-Si-Mg-Cu-Fe--LAMMPS--ipr1,2012--Jelinek-B-Groh-S-Horstemeyer-M-F-et-al--Al-Si-Mg-Cu-Fe,1.00
Cu,fcc,MEAM_LAMMPS_JeongParkDo_2018_PdCu__MO_353393547686_002,Jeong-2018,176.14,124.91,81.78,141.99,2018--Jeong-G-U--Pd-Cu--LAMMPS--ipr1,2018--Jeong-G-U-Park-C-S-Do-H-S-et-al--Pd-Cu,1.00
Cu,fcc,MEAM_LAMMPS_KangSaLee_2009_ZrAgCu__MO_813575892799_002,Kang-2009,176.14,124.91,81.78,141.99,2009--Kang-K-H--Cu-Ag--LAMMPS--ipr1,2009--Kang-K-H-Sa-I-Lee-J-C-et-al--Cu-Ag,1.00
Cu,fcc,MEAM_LAMMPS_KimLee_2008_CuZr__MO_407917731909_001,Kim-2008,176.14,124.91,81.78,141.99,2008--Kim-Y-M--Cu-Zr--LAMMPS--ipr1,2008--Kim-Y-M-Lee-B-J--Cu-Zr,1.00
Cu,fcc,MEAM_LAMMPS_KimSeolJi_2017_PtCu__MO_070797404269_002,Kim-2017,225.30,159.77,104.60,181.62,2017--Kim-J-S--Cu-Pt--LAMMPS--ipr1,2017--Kim-J-S-Seol-D-Ji-J-et-al--Cu-Pt,1.00
Cu,fcc,MEAM_LAMMPS_LeeShimBaskes_2003_Cu__MO_087820130586_001,Lee-2003,176.14,124.91,81.78,141.99,2003--Lee-B-J--Cu--LAMMPS--ipr1,2003--Lee-B-J-Shim-J-H-Baskes-M-I--Cu,1.00
Cu,fcc,MEAM_LAMMPS_LeeShim_2004_NiCu__MO_409065472403_002,Lee-2004,176.14,124.91,81.78,141.99,2004--Lee-B-J--Cu-Ni--LAMMPS--ipr1,2004--Lee-B-J-Shim-J-H--Cu-Ni,1.00
Cu,fcc,MEAM_LAMMPS_LeeWirthShim_2005_FeCu__MO_063626065437_002,Lee-2005,176.14,124.91,81.78,141.99,2005--Lee-B-J--Fe-Cu--LAMMPS--ipr1,2005--Lee-B-J-Wirth-B-D-Shim-J-H-et-al--Fe-Cu,1.00
Cu,fcc,MEAM_LAMMPS_MirazDhariwalMeng_2020_CuNTi__MO_122936827583_002,Miraz-2020,157.77,107.67,100.15,124.37,2020--Miraz-A-S-M--Cu-N-Ti--LAMMPS--ipr1,2020--Miraz-A-S-M-Dhariwal-N-Meng-W-J-et-al--Cu-N-Ti,1.00
Cu,fcc,MEAM_LAMMPS_SharifiWick_2025_FeMnNiTiCuCrCoAl__MO_675947402254_000,Sharifi-2025,168.70,122.42,75.15,137.85,2025--Sharifi-H--Co-Cu--LAMMPS--ipr1,2025--Sharifi-H-Wick-C-D--Co-Cu,1.00
Cu,fcc,MEAM_LAMMPS_Wagner_2007_Cu__MO_313717476091_002,Wagner-2007,170.24,122.66,75.95,138.52,,,0.00
Cu,fcc,MEAM_LAMMPS_WangOhLee_2020_CuCo__MO_694335101831_002,Wang-2020,176.14,124.91,81.78,141.98,2020--Wang-J--Cu-Co--LAMMPS--ipr1,2020--Wang-J-Oh-S-H-Lee-B-J--Cu-Co,1.00
Cu,fcc,MEAM_LAMMPS_WangOhLee_2020_CuCo__MO_849011491644_002,Wang-2020,176.14,124.91,81.78,141.99,2020--Wang-J--Cu-Co--LAMMPS--ipr1,2020--Wang-J-Oh-S-H-Lee-B-J--Cu-Co,1.00
Cu,fcc,MEAM_LAMMPS_WangOhLee_2020_CuMo__MO_380272712420_002,Wang-2020,176.14,124.91,81.78,141.98,2020--Wang-J--Cu-Co--LAMMPS--ipr1,2020--Wang-J-Oh-S-H-Lee-B-J--Cu-Co,1.00
Cu,fcc,MEAM_LAMMPS_WangOhLee_2020_CuMo__MO_486450342170_002,Wang-2020,176.14,124.91,81.78,141.98,2020--Wang-J--Cu-Co--LAMMPS--ipr1,2020--Wang-J-Oh-S-H-Lee-B-J--Cu-Co,1.00
Cu,fcc,Morse_Shifted_GirifalcoWeizer_1959HighCutoff_Cu__MO_151002396060_004,Morse_Shifted_GirifalcoWeizer_1959HighCu,173.95,122.64,123.75,139.74,,,0.00
Cu,fcc,Morse_Shifted_GirifalcoWeizer_1959LowCutoff_Cu__MO_673777079812_004,Morse_Shifted_GirifalcoWeizer_1959LowCut,173.25,116.96,117.87,135.72,,,0.00
Cu,fcc,Morse_Shifted_GirifalcoWeizer_1959MedCutoff_Cu__MO_173787283511_004,Morse_Shifted_GirifalcoWeizer_1959MedCut,174.53,122.38,123.47,139.77,,,0.00
Cu,fcc,PolyMLP_Seko_2022p2_AlCu__MO_933443908371_000,PolyMLP_Seko_2022p2_AlCu__MO_93344390837,184.63,124.49,77.49,144.53,,,0.00
Cu,fcc,SNAP_LiHuChen_2018_Cu__MO_529419924683_000,Li-2018,172.68,132.85,87.28,146.13,,,0.00
Cu,fcc,SNAP_ZuoChenLi_2019_Cu__MO_931672895580_000,Zuo-2019,178.30,125.70,86.12,143.23,,,0.00
Cu,fcc,SNAP_ZuoChenLi_2019quadratic_Cu__MO_265210066873_000,SNAP_ZuoChenLi_2019quadratic_Cu__MO_2652,178.14,124.31,82.07,142.25,,,0.00
Cu,fcc,Sim_LAMMPS_ADP_ApostolMishin_2011_AlCu__SM_667696763561_000,Apostol-2011,170.19,122.91,76.20,138.67,2011--Apostol-F--Al-Cu--LAMMPS--ipr1,2011--Apostol-F-Mishin-Y--Al-Cu,1.00
Cu,fcc,Sim_LAMMPS_ADP_PunDarlingKecskes_2015_CuTa__SM_399364650444_000,Pun-2015,169.93,122.65,76.20,138.41,,,0.00
Cu,fcc,Sim_LAMMPS_BOP_ZhouWardFoster_2015_CCu__SM_784926969362_000,Zhou-2015,968.45,510.97,467.85,663.47,2015--Zhou-X-W--C-Cu--LAMMPS--ipr1,2015--Zhou-X-W-Ward-D-K-Foster-M-E--C-Cu,1.00
Cu,fcc,Sim_LAMMPS_BOP_ZhouWardFoster_2015_CuH__SM_404135993060_000,Zhou-2015,192.23,124.50,81.26,147.08,2015--Zhou-X-W--C-Cu--LAMMPS--ipr1,2015--Zhou-X-W-Ward-D-K-Foster-M-E--C-Cu,1.00
Cu,fcc,Sim_LAMMPS_MEAM_AsadiZaeemNouranian_2015_Cu__SM_239791545509_000,Asadi-2015,176.89,127.02,81.85,143.64,2015--Asadi-E--Cu--LAMMPS--ipr1,2015--Asadi-E-Asle-Zaeem-M-Nouranian-S-Baskes-M-I--Cu,1.00
Cu,fcc,Sim_LAMMPS_MEAM_JelinekGrohHorstemeyer_2012_AlSiMgCuFe__SM_656517352485_000,Jelinek-2012,172.49,121.89,76.07,138.76,2012--Jelinek-B--Al-Si-Mg-Cu-Fe--LAMMPS--ipr1,2012--Jelinek-B-Groh-S-Horstemeyer-M-F-et-al--Al-Si-Mg-Cu-Fe,1.00
Cu,fcc,Sim_LAMMPS_MEAM_Wagner_2007_Cu__SM_521856783904_000,Wagner-2007,170.24,122.66,75.95,138.52,,,0.00
Cu,fcc,Sim_LAMMPS_Polymorphic_Zhou_2004_CuTa__SM_453737875254_000,Zhou-2004,169.63,122.14,75.75,137.97,2004--Zhou-X-W--Cu--LAMMPS--ipr1,2004--Zhou-X-W-Johnson-R-A-Wadley-H-N-G--Cu,1.00
Fe,bcc,EAM_Dynamo_AcklandBaconCalder_1997_Fe__MO_142799717516_006,Ackland-1997,243.63,145.27,116.50,178.06,1997--Ackland-G-J--Fe--LAMMPS--ipr1,1997--Ackland-G-J-Bacon-D-J-Calder-A-F-Harry-T--Fe,1.00
Fe,bcc,EAM_Dynamo_AcklandMendelevSrolovitz_2004_FeP__MO_884343146310_006,Ackland-2004,243.33,145.05,116.14,177.81,2004--Ackland-G-J--Fe-P--LAMMPS--ipr1,2004--Ackland-G-J-Mendelev-M-I-Srolovitz-D-J-et-al--Fe-P,1.00
Fe,bcc,EAM_Dynamo_AlleraRibeiroPerez_2022_FeC__MO_324606345076_000,Allera-2022,243.39,145.01,115.99,177.80,2022--Allera-A--Fe-C--LAMMPS--ipr1,2022--Allera-A-Ribeiro-F-Perez-M-Rodney-D--Fe-C,1.00
Fe,bcc,EAM_Dynamo_BonnyCastinBullens_2013_FeW__MO_737567242631_001,Bonny-2013,243.36,145.01,116.04,177.79,2013--Bonny-G--Fe-Cr-W--LAMMPS--ipr1,2013--Bonny-G-Castin-N-Bullens-J-et-al--Fe-Cr-W,1.00
Fe,bcc,EAM_Dynamo_BonnyCastinTerentyev_2013_FeNiCr__MO_763197941039_001,Bonny-2013,185.22,153.83,109.52,164.29,2013--Bonny-G--Fe-Cr-W--LAMMPS--ipr1,2013--Bonny-G-Castin-N-Bullens-J-et-al--Fe-Cr-W,1.00
Fe,bcc,EAM_Dynamo_BonnyPasianotCastin_2009_FeCuNi__MO_469343973171_006,Bonny-2009,243.36,145.01,116.04,177.79,2009--Bonny-G--Fe-Cu-Ni--LAMMPS--ipr1,2009--Bonny-G-Pasianot-R-C-Castin-N-Malerba-L--Fe-Cu-Ni,1.00
Fe,bcc,EAM_Dynamo_BonnyPasianotMalerba_2009_FeNi__MO_267721408934_006,Bonny-2009,243.36,145.01,116.04,177.79,2009--Bonny-G--Fe-Cu-Ni--LAMMPS--ipr1,2009--Bonny-G-Pasianot-R-C-Castin-N-Malerba-L--Fe-Cu-Ni,1.00
Fe,bcc,EAM_Dynamo_BonnyTerentyevBakaev_2013_FeCuNiMn__MO_398449950394_000,Bonny-2013,243.36,145.01,116.04,177.79,2013--Bonny-G--Fe-Cr-W--LAMMPS--ipr1,2013--Bonny-G-Castin-N-Bullens-J-et-al--Fe-Cr-W,1.00
Fe,bcc,EAM_Dynamo_ChamatiPapanicolaouMishin_2006_Fe__MO_960699513424_001,Chamati-2006,241.11,146.85,114.05,178.27,2006--Chamati-H--Fe--LAMMPS--ipr1,2006--Chamati-H-Papanicolaou-N-I-Mishin-Y-Papaconstantopoulos-D-A--Fe,1.00
Fe,bcc,EAM_Dynamo_HepburnAckland_2008_FeC__MO_143977152728_006,Hepburn-2008,243.33,145.05,116.15,177.81,2008--Hepburn-D-J--Fe-C--LAMMPS--ipr1,2008--Hepburn-D-J-Ackland-G-J--Fe-C,1.00
Fe,bcc,EAM_Dynamo_KumarLudhwaniDas_2023_FeH__MO_680566758384_000,Kumar-2023,244.24,145.19,116.22,178.21,2023--Kumar-P--Fe-H--LAMMPS--ipr1,2023--Kumar-P-Ludhwani-M-M-Das-S-et-al--Fe-H,1.00
Fe,bcc,EAM_Dynamo_Marinica_2007_Fe__MO_466808877130_001,Marinica-2007,243.37,145.01,116.01,177.79,,,0.00
Fe,bcc,EAM_Dynamo_Marinica_2011_Fe__MO_255315407910_001,Marinica-2011,243.39,145.01,115.99,177.80,,,0.00
Fe,bcc,EAM_Dynamo_MendelevHanSon_2007_VFe__MO_249706810527_006,Mendelev-2007,243.33,145.05,116.14,177.81,2007--Mendelev-M-I--V-Fe--LAMMPS--ipr1,2007--Mendelev-M-I-Han-S-Son-W-et-al--V-Fe,1.00
Fe,bcc,EAM_Dynamo_MendelevHanSrolovitz_2003Potential2_Fe__MO_769582363439_006,EAM_Dynamo_MendelevHanSrolovitz_2003Pote,243.36,145.01,116.04,177.79,,,0.00
Fe,bcc,EAM_Dynamo_MendelevHanSrolovitz_2003Potential5_Fe__MO_942420706858_006,EAM_Dynamo_MendelevHanSrolovitz_2003Pote,243.65,145.08,115.88,177.94,,,0.00
Fe,bcc,EAM_Dynamo_MendelevHanSrolovitz_2003_Fe__MO_807997826449_001,Mendelev-2003,243.37,145.02,116.04,177.80,2003--Mendelev-M-I--Fe-2--LAMMPS--ipr1,2003--Mendelev-M-I-Han-S-Srolovitz-D-J-et-al--Fe-2,1.00
Fe,bcc,EAM_Dynamo_MendelevSrolovitzAckland_2005_AlFe__MO_577453891941_006,Mendelev-2005,243.33,145.05,116.15,177.81,2005--Mendelev-M-I--Al-Fe--LAMMPS--ipr1,2005--Mendelev-M-I-Srolovitz-D-J-Ackland-G-J-Han-S--Al-Fe,1.00
Fe,bcc,EAM_Dynamo_Olsson_2009_Fe__MO_024705128470_001,Olsson-2009,239.54,135.75,120.75,170.35,2009--Olsson-P-A-T--Fe--LAMMPS--ipr1,2009--Olsson-P-A-T--Fe,1.00
Fe,bcc,EAM_Dynamo_SunZhangMendelev_2022_Fe__MO_044341472608_001,Sun-2022,245.81,141.45,103.26,176.23,2022--Sun-Y--Fe--LAMMPS--ipr1,2022--Sun-Y-Zhang-F-Mendelev-M-I-et-al--Fe,1.00
Fe,bcc,EAM_Dynamo_Wen_2021_FeH__MO_634187028437_001,Wen-2021,243.46,145.06,116.18,177.86,2021--Wen-M--Fe-H--LAMMPS--ipr1,2021--Wen-M--Fe-H,1.00
Fe,bcc,EAM_Dynamo_ZhouFosterSills_2018_FeNiCr__MO_036303866285_001,Zhou-2018,336.13,170.35,168.78,225.61,2018--Zhou-X-W--Fe-Ni-Cr--LAMMPS--ipr1,2018--Zhou-X-W-Foster-M-E-Sills-R-B--Fe-Ni-Cr,1.00
Fe,bcc,EAM_Dynamo_ZhouJohnsonWadley_2004NISTretabulation_Fe__MO_681088298208_001,EAM_Dynamo_ZhouJohnsonWadley_2004NISTret,229.64,135.50,116.77,166.88,,,0.00
Fe,bcc,EAM_Dynamo_ZhouJohnsonWadley_2004_CuAgAuNiPdPtAlPbFeMoTaWMgCoTiZr__MO_870117231765_001,Zhou-2004,229.64,135.50,116.77,166.88,2004--Zhou-X-W--Cu-Ag-Au-Ni-Pd-Pt-Al-Pb-Fe-Mo-Ta-W-Mg-Co-Ti-Zr--LAMMPS--ipr1,2004--Zhou-X-W-Johnson-R-A-Wadley-H-N-G--Cu-Ag-Au-Ni-Pd-Pt-Al-Pb-Fe-Mo-Ta-W-Mg-Co-Ti-Zr,1.00
Fe,bcc,EAM_Dynamo_ZhouJohnsonWadley_2004_Fe__MO_650279905230_006,Zhou-2004,231.01,136.52,117.24,168.01,2004--Zhou-X-W--Cu-Ag-Au-Ni-Pd-Pt-Al-Pb-Fe-Mo-Ta-W-Mg-Co-Ti-Zr--LAMMPS--ipr1,2004--Zhou-X-W-Johnson-R-A-Wadley-H-N-G--Cu-Ag-Au-Ni-Pd-Pt-Al-Pb-Fe-Mo-Ta-W-Mg-Co-Ti-Zr,1.00
Fe,bcc,EAM_Magnetic2GQuintic_ChiesaDerletDudarev_2011_Fe__MO_140444321607_002,Chiesa-2011,243.58,138.44,122.35,173.49,2011--Chiesa-S--Fe-33--LAMMPS--ipr1,2011--Chiesa-S-Derlet-P-M-Dudarev-S-L-Swygenhoven-H-V--Fe-33,1.00
Fe,bcc,EAM_MagneticCubic_DudarevDerlet_2005_Fe__MO_135034229282_002,Dudarev-2005,245.91,138.29,122.18,174.16,,,0.00
Fe,bcc,EAM_MagneticCubic_MendelevHanSrolovitz_2003_Fe__MO_856295952425_002,Mendelev-2003,243.36,145.01,116.21,177.79,2003--Mendelev-M-I--Fe-2--LAMMPS--ipr1,2003--Mendelev-M-I-Han-S-Srolovitz-D-J-et-al--Fe-2,1.00
Fe,bcc,MEAM_LAMMPS_AsadiZaeemNouranian_2015_Fe__MO_492310898779_002,Asadi-2015,231.27,134.51,116.19,166.76,2015--Asadi-E--Fe--LAMMPS--ipr1,2015--Asadi-E-Asle-Zaeem-M-Nouranian-S-Baskes-M-I--Fe,1.00
Fe,bcc,MEAM_LAMMPS_AslamBaskesDickel_2019_FeMnSiC__MO_427873955970_002,Aslam-2019,232.06,136.15,117.36,168.12,2019--Aslam-I--Fe-Mn-Si-C--LAMMPS--ipr1,2019--Aslam-I-Baskes-M-I-Dickel-D-E-et-al--Fe-Mn-Si-C,1.00
Fe,bcc,MEAM_LAMMPS_ChoiJoSohn_2018_CoNiCrFeMn__MO_115454747503_002,Choi-2018,242.17,138.41,121.47,173.00,2018--Choi-W-M--Co-Ni-Cr-Fe-Mn--LAMMPS--ipr1,2018--Choi-W-M-Jo-Y-H-Sohn-S-S-et-al--Co-Ni-Cr-Fe-Mn,1.00
Fe,bcc,MEAM_LAMMPS_ChoiKimSeol_2017_CoFe__MO_179158257180_002,Choi-2017,242.98,137.99,121.92,172.99,2017--Choi-W-M--Co-Fe--LAMMPS--ipr1,2017--Choi-W-M-Kim-Y-Seol-D-Lee-B-J--Co-Fe,1.00
Fe,bcc,MEAM_LAMMPS_EtesamiAsadi_2018_Fe__MO_549900287421_002,Etesami-2018,265.78,127.30,126.08,173.46,2018--Etesami-S-A--Fe--LAMMPS--ipr1,2018--Etesami-S-A-Asadi-E--Fe,1.00
Fe,bcc,MEAM_LAMMPS_JelinekGrohHorstemeyer_2012_AlSiMgCuFe__MO_262519520678_002,Jelinek-2012,224.51,137.25,125.56,166.34,2012--Jelinek-B--Al-Si-Mg-Cu-Fe--LAMMPS--ipr1,2012--Jelinek-B-Groh-S-Horstemeyer-M-F-et-al--Al-Si-Mg-Cu-Fe,1.00
Fe,bcc,MEAM_LAMMPS_JeongParkDo_2018_PdFe__MO_924736622203_002,Jeong-2018,242.17,138.41,121.47,173.00,2018--Jeong-G-U--Pd-Fe--LAMMPS--ipr1,2018--Jeong-G-U-Park-C-S-Do-H-S-et-al--Pd-Fe,1.00
Fe,bcc,MEAM_LAMMPS_KimJungLee_2009_FeTiC__MO_110119204723_002,Kim-2009,242.17,138.42,121.47,173.00,2009--Kim-H-K--Fe-Ti-C--LAMMPS--ipr1,2009--Kim-H-K-Jung-W-S-Lee-B-J--Fe-Ti-C,1.00
Fe,bcc,MEAM_LAMMPS_KimJungLee_2010_FeNbC__MO_072689718616_002,Kim-2010,285.38,151.91,132.19,196.40,2010--Kim-H-K--Fe-Nb-C--LAMMPS--ipr1,2010--Kim-H-K-Jung-W-S-Lee-B-J--Fe-Nb-C,1.00
Fe,bcc,MEAM_LAMMPS_KimLee_2006_PtFe__MO_343168101490_002,Kim-2006,242.17,138.42,121.47,173.00,2006--Kim-J--Fe-Pt--LAMMPS--ipr1,2006--Kim-J-Koo-Y-Lee-B-J--Fe-Pt,1.00
Fe,bcc,MEAM_LAMMPS_KimShinLee_2009_FeMn__MO_058735400462_002,Kim-2009,242.98,137.99,121.92,172.99,2009--Kim-H-K--Fe-Ti-C--LAMMPS--ipr1,2009--Kim-H-K-Jung-W-S-Lee-B-J--Fe-Ti-C,1.00
Fe,bcc,MEAM_LAMMPS_KoJimLee_2012_FeP__MO_179420363944_002,Ko-2012,242.17,138.41,121.47,173.00,2012--Ko-W-S--Fe-P--LAMMPS--ipr1,2012--Ko-W-S-Kim-N-J-Lee-B-J--Fe-P,1.00
Fe,bcc,MEAM_LAMMPS_LeeBaskesKim_2001_Fe__MO_196726067688_001,Lee-2001,242.98,137.99,121.92,172.99,2001--Lee-B-J--Fe--LAMMPS--ipr1,2001--Lee-B-J-Baskes-M-I-Kim-H-Cho-Y-K--Fe,1.00
Fe,bcc,MEAM_LAMMPS_LeeJang_2007_FeH__MO_095610951957_002,Lee-2007,242.98,137.99,121.92,172.99,2007--Lee-B-J--Fe-H--LAMMPS--ipr1,2007--Lee-B-J-Jang-J-W--Fe-H,1.00
Fe,bcc,MEAM_LAMMPS_LeeLeeKim_2006_FeN__MO_432861766738_002,Lee-2006,242.98,137.99,121.92,172.99,2006--Lee-B-J--Fe-C--LAMMPS--ipr1,2006--Lee-B-J--Fe-C,1.00
Fe,bcc,MEAM_LAMMPS_LeeShimPark_2001_FeCr__MO_150993986463_001,Lee-2001,242.98,137.99,121.92,172.99,2001--Lee-B-J--Fe--LAMMPS--ipr1,2001--Lee-B-J-Baskes-M-I-Kim-H-Cho-Y-K--Fe,1.00
Fe,bcc,MEAM_LAMMPS_LeeWirthShim_2005_FeCu__MO_063626065437_002,Lee-2005,242.98,137.99,121.92,172.99,2005--Lee-B-J--Fe-Cu--LAMMPS--ipr1,2005--Lee-B-J-Wirth-B-D-Shim-J-H-et-al--Fe-Cu,1.00
Fe,bcc,MEAM_LAMMPS_Lee_2006_FeC__MO_856956178669_002,Lee-2006,242.98,137.99,121.92,172.99,2006--Lee-B-J--Fe-C--LAMMPS--ipr1,2006--Lee-B-J--Fe-C,1.00
Fe,bcc,MEAM_LAMMPS_LiyanageKimHouze_2014_FeC__MO_075279800195_002,Liyanage-2014,212.88,143.31,118.59,166.50,2014--Liyanage-L-S-I--Fe-C--LAMMPS--ipr1,2014--Liyanage-L-S-I-Kim-S-G-Houze-J-et-al--Fe-C,1.00
Fe,bcc,MEAM_LAMMPS_MahataMukhopadhyayAsleZaeem_2022_AlFe__MO_304347095149_001,Mahata-2022,229.53,136.00,113.29,167.18,2022--Mahata-A--Al-Fe--LAMMPS--ipr1,2022--Mahata-A-Mukhopadhyay-T-Asle-Zaeem-M--Al-Fe,1.00
Fe,bcc,MEAM_LAMMPS_SaLee_2008_FeTi__MO_260546967793_002,Sa-2008,242.17,138.42,121.47,173.00,2008--Sa-I--Fe-Nb--LAMMPS--ipr1,2008--Sa-I-Lee-B--Fe-Nb,1.00
Fe,bcc,MEAM_LAMMPS_SaLee_2008_NbFe__MO_162036141261_002,Sa-2008,242.98,137.99,121.92,172.99,2008--Sa-I--Fe-Nb--LAMMPS--ipr1,2008--Sa-I-Lee-B--Fe-Nb,1.00
Fe,bcc,MEAM_LAMMPS_SharifiWick_2025_FeMnNiTiCuCrCoAl__MO_675947402254_000,Sharifi-2025,236.92,136.61,137.49,170.05,2025--Sharifi-H--Cr-Al-Fe--LAMMPS--ipr1,2025--Sharifi-H-Wick-C-D--Cr-Al-Fe,1.00
Fe,bcc,MEAM_LAMMPS_WuLeeSu_2017_NiCrFe__MO_912636107108_002,Wu-2017,242.98,137.99,121.92,172.99,2017--Wu-C--Ni-Cr-Fe--LAMMPS--ipr1,2017--Wu-C-Lee-B-J-Su-X--Ni-Cr-Fe,1.00
Fe,bcc,MEAM_LAMMPS_WuLeeSu_2017_NiFe__MO_321233176498_002,Wu-2017,242.98,137.99,121.92,172.99,2017--Wu-C--Ni-Cr-Fe--LAMMPS--ipr1,2017--Wu-C-Lee-B-J-Su-X--Ni-Cr-Fe,1.00
Fe,bcc,MJ_MorrisAgaLevashov_2008_Fe__MO_857282754307_003,Morris-2008,192.26,96.13,96.27,128.17,,,0.00
Fe,bcc,Morse_Shifted_GirifalcoWeizer_1959HighCutoff_Fe__MO_147603128437_004,Morse_Shifted_GirifalcoWeizer_1959HighCu,181.12,166.94,167.54,171.67,,,0.00
Fe,bcc,Morse_Shifted_GirifalcoWeizer_1959LowCutoff_Fe__MO_331285495617_004,Morse_Shifted_GirifalcoWeizer_1959LowCut,183.74,162.74,163.29,169.74,,,0.00
Fe,bcc,Morse_Shifted_GirifalcoWeizer_1959MedCutoff_Fe__MO_984358344196_004,Morse_Shifted_GirifalcoWeizer_1959MedCut,182.57,166.14,166.72,171.62,,,0.00
Fe,bcc,Sim_LAMMPS_ADP_StarikovSmirnovaPradhan_2021_Fe__SM_906654900816_000,Starikov-2021,250.83,108.38,110.09,155.86,2021--Starikov-S--Fe--LAMMPS--ipr1,2021--Starikov-S-Smirnova-D-Pradhan-T-et-al--Fe,1.00
Fe,bcc,Sim_LAMMPS_EAMCD_StukowskiSadighErhart_2009_FeCr__SM_775564499513_000,Stukowski-2009,243.36,145.01,116.04,177.79,2009--Stukowski-A--Fe-Cr--LAMMPS--ipr1,2009--Stukowski-A-Sadigh-B-Erhart-P-Caro-A--Fe-Cr,1.00
Fe,bcc,Sim_LAMMPS_EAM_BonnyCastinBullens_2013_FeCrW__SM_699257350704_001,Bonny-2013,243.36,145.01,116.04,177.79,2013--Bonny-G--Fe-Cr-W--LAMMPS--ipr1,2013--Bonny-G-Castin-N-Bullens-J-et-al--Fe-Cr-W,1.00
Fe,bcc,Sim_LAMMPS_EAM_BonnyPasianotTerentyev_2011_FeCr__SM_237089298463_001,Bonny-2011,243.36,145.01,116.04,177.79,2011--Bonny-G--Fe-Cr--LAMMPS--ipr1,2011--Bonny-G-Pasianot-R-C-Terentyev-D-Malerba-L--Fe-Cr,1.00
Fe,bcc,Sim_LAMMPS_EAM_EichBeinkeSchmitz_2015_FeCr__SM_731771351835_000,Eich-2015,243.33,145.05,116.15,177.81,2015--Eich-S-M--Fe-Cr--LAMMPS--ipr1,2015--Eich-S-M-Beinke-D-Schmitz-G--Fe-Cr,1.00
Fe,bcc,Sim_LAMMPS_MEAM_JelinekGrohHorstemeyer_2012_AlSiMgCuFe__SM_656517352485_000,Jelinek-2012,224.51,137.25,125.56,166.34,2012--Jelinek-B--Al-Si-Mg-Cu-Fe--LAMMPS--ipr1,2012--Jelinek-B-Groh-S-Horstemeyer-M-F-et-al--Al-Si-Mg-Cu-Fe,1.00
Fe,bcc,Sim_LAMMPS_MEAM_KimJungLee_2009_FeTiC__SM_531038274471_000,Kim-2009,242.17,138.42,121.47,173.00,2009--Kim-H-K--Fe-Ti-C--LAMMPS--ipr1,2009--Kim-H-K-Jung-W-S-Lee-B-J--Fe-Ti-C,1.00
Fe,bcc,Sim_LAMMPS_ReaxFF_AryanpourVanDuinKubicki_2010_FeHO__SM_222964216001_001,Aryanpour-2010,282.81,118.29,118.29,173.13,,,0.00
Fe,bcc,Sim_LAMMPS_TersoffZBL_ByggmastarGranberg_2020_Fe__SM_958863895234_000,Byggmastar-2020,222.95,145.42,117.91,171.27,2020--Byggmastar-J--Fe--LAMMPS--ipr1,2020--Byggmastar-J-Granberg-F--Fe,1.00
Fe,bcc,Sim_LAMMPS_TersoffZBL_HenrikssonBjorkasNordlund_2013_FeC__SM_473463498269_000,Henriksson-2013,218.67,142.27,129.95,167.74,2013--Henriksson-K-O-E--Fe-C--LAMMPS--ipr1,2013--Henriksson-K-O-E-Bjorkas-C-Nordlund-K--Fe-C,1.00
Fe,bcc,Tersoff_LAMMPS_ByggmastarNagelAlbe_2019_FeO__MO_608695023236_000,Byggmastar-2019,218.67,142.27,130.11,167.74,2019--Byggmastar-J--Fe-O--LAMMPS--ipr1,2019--Byggmastar-J-Nagel-M-Albe-K-et-al--Fe-O,1.00
Fe,bcc,Tersoff_LAMMPS_MuellerErhartAlbe_2007_Fe__MO_137964310702_004,Mueller-2007,225.01,141.82,128.59,169.55,,,0.00
Ni,fcc,EAM_CubicNaturalSpline_AngeloMoodyBaskes_1995_Ni__MO_800536961967_004,Angelo-1995,246.48,147.25,124.96,180.33,1995--Angelo-J-E--Ni-Al-H--LAMMPS--ipr1,1995--Angelo-J-E-Moody-N-R-Baskes-M-I--Ni-Al-H,1.00
Ni,fcc,EAM_Dynamo_AcklandTichyVitek_1987_Ni__MO_977363131043_006,Ackland-1987,262.30,151.15,132.25,188.20,1987--Ackland-G-J--Ni--LAMMPS--ipr1,1987--Ackland-G-J-Tichy-G-Vitek-V-Finnis-M-W--Ni,1.00
Ni,fcc,EAM_Dynamo_AcklandTichyVitek_1987v2_Ni__MO_769632475533_001,EAM_Dynamo_AcklandTichyVitek_1987v2_Ni__,263.07,151.54,133.03,188.71,,,0.00
Ni,fcc,EAM_Dynamo_AdamsFoilesWolfer_1989Universal6_Ni__MO_258836200237_001,EAM_Dynamo_AdamsFoilesWolfer_1989Univers,235.57,153.14,133.51,180.62,,,0.00
Ni,fcc,EAM_Dynamo_AngeloMoodyBaskes_1995_NiAlH__MO_418978237058_006,Angelo-1995,246.75,147.52,124.96,180.60,1995--Angelo-J-E--Ni-Al-H--LAMMPS--ipr1,1995--Angelo-J-E-Moody-N-R-Baskes-M-I--Ni-Al-H,1.00
Ni,fcc,EAM_Dynamo_BelandLuOsetskiy_2016_CoNi__MO_871937946490_001,Beland-2016,241.23,150.76,127.27,180.92,2016--Beland-L-K--Ni-Co--LAMMPS--ipr1,2016--Beland-L-K-Lu-C-Osetskiy-Y-N-et-al--Ni-Co,1.00
Ni,fcc,EAM_Dynamo_BelandTammMu_2017_FeNiCr__MO_715003088863_001,Beland-2017,246.84,147.08,125.02,180.33,2017--Beland-L-K--Fe-Ni-Cr--LAMMPS--ipr1,2017--Beland-L-K-Tamm-A-Mu-S-et-al--Fe-Ni-Cr,1.00
Ni,fcc,EAM_Dynamo_BonnyCastinTerentyev_2013_FeNiCr__MO_763197941039_001,Bonny-2013,247.11,144.16,107.64,178.48,2013--Bonny-G--Fe-Cu-Ni-Mn--LAMMPS--ipr1,2013--Bonny-G-Terentyev-D-Bakaev-A-et-al--Fe-Cu-Ni-Mn,1.00
Ni,fcc,EAM_Dynamo_BonnyPasianotCastin_2009_FeCuNi__MO_469343973171_006,Bonny-2009,244.11,148.38,125.59,180.29,2009--Bonny-G--Fe-Cu-Ni--LAMMPS--ipr1,2009--Bonny-G-Pasianot-R-C-Castin-N-Malerba-L--Fe-Cu-Ni,1.00
Ni,fcc,EAM_Dynamo_BonnyPasianotMalerba_2009_FeNi__MO_267721408934_006,Bonny-2009,244.11,148.38,125.59,180.29,2009--Bonny-G--Fe-Cu-Ni--LAMMPS--ipr1,2009--Bonny-G-Pasianot-R-C-Castin-N-Malerba-L--Fe-Cu-Ni,1.00
Ni,fcc,EAM_Dynamo_BonnyTerentyevBakaev_2013_FeCuNiMn__MO_398449950394_000,Bonny-2013,244.22,148.43,125.59,180.36,2013--Bonny-G--Fe-Cu-Ni-Mn--LAMMPS--ipr1,2013--Bonny-G-Terentyev-D-Bakaev-A-et-al--Fe-Cu-Ni-Mn,1.00
Ni,fcc,EAM_Dynamo_BonnyTerentyevPasianot_2011_FeNiCr__MO_677715648236_001,Bonny-2011,246.84,147.07,125.02,180.32,2011--Bonny-G--Fe-Ni-Cr--LAMMPS--ipr1,2011--Bonny-G-Terentyev-D-Pasianot-R-C-et-al--Fe-Ni-Cr,1.00
Ni,fcc,EAM_Dynamo_DaramolaBonnyAdjanor_2022_FeNiCrMn__MO_591022523366_000,Daramola-2022,246.84,147.07,125.02,180.32,2022--Daramola-A--Fe-Ni-Cr-Mn--LAMMPS--ipr1,2022--Daramola-A-Bonny-G-Adjanor-G-et-al--Fe-Ni-Cr-Mn,1.00
Ni,fcc,EAM_Dynamo_DeluigiPasianotValencia_2021_FeNiCrCoCu__MO_657255834688_001,Deluigi-2021,248.81,148.21,126.04,181.75,2021--Deluigi-O-R--Fe-Ni-Cr-Co-Cu--LAMMPS--ipr1,2021--Deluigi-O-R-Pasianot-R-C-Valencia-F-J-et-al--Fe-Ni-Cr-Co-Cu,1.00
Ni,fcc,EAM_Dynamo_FarkasCaro_2018_FeNiCrCoCu__MO_803527979660_001,Farkas-2018,248.81,148.21,126.04,181.75,2018--Farkas-D--Fe-Ni-Cr-Co-Cu--LAMMPS--ipr1,2018--Farkas-D-Caro-A--Fe-Ni-Cr-Co-Cu,1.00
Ni,fcc,EAM_Dynamo_FarkasCaro_2020_FeNiCrCoAl__MO_820335782779_001,Farkas-2020,248.81,148.21,126.04,181.75,2020--Farkas-D--Fe-Ni-Cr-Co-Al--LAMMPS--ipr1,2020--Farkas-D-Caro-A--Fe-Ni-Cr-Co-Al,1.00
Ni,fcc,EAM_Dynamo_FischerSchmitzEich_2019_CuNi__MO_266134052596_001,Fischer-2019,241.35,150.83,127.35,181.00,2019--Fischer-F--Cu-Ni--LAMMPS--ipr1,2019--Fischer-F-Schmitz-G-Eich-S-M--Cu-Ni,1.00
Ni,fcc,EAM_Dynamo_FoilesBaskesDaw_1986Universal3_Ni__MO_580571659842_001,EAM_Dynamo_FoilesBaskesDaw_1986Universal,233.27,154.29,127.64,180.62,,,0.00
Ni,fcc,EAM_Dynamo_FoilesHoyt_2006_Ni__MO_776437554506_001,Foiles-2006,240.83,150.49,119.35,180.61,,,0.00
Ni,fcc,EAM_Dynamo_Foiles_1985_Ni__MO_010059867259_001,Foiles-1985,232.93,154.46,131.76,180.61,1985--Foiles-S-M--Ni-Cu--LAMMPS--ipr1,1985--Foiles-S-M--Ni-Cu,1.00
Ni,fcc,EAM_Dynamo_MendelevBorovikov_2020_FeNiCr__MO_922363340570_001,Mendelev-2020,243.08,139.32,118.80,173.91,2019--Mendelev-M-I--Fe-Ni-Cr--LAMMPS--ipr1,2019--Mendelev-M-I--Fe-Ni-Cr,0.80
Ni,fcc,EAM_Dynamo_MendelevKramerHao_2012_NiZr__MO_149104665840_006,Mendelev-2012,246.95,147.25,122.78,180.49,2012--Mendelev-M-I--Ni--LAMMPS--ipr1,2012--Mendelev-M-I-Kramer-M-J-Hao-S-G-et-al--Ni,1.00
Ni,fcc,EAM_Dynamo_MendelevKramerHao_2012_Ni__MO_832600236922_006,Mendelev-2012,246.95,147.25,122.78,180.49,2012--Mendelev-M-I--Ni--LAMMPS--ipr1,2012--Mendelev-M-I-Kramer-M-J-Hao-S-G-et-al--Ni,1.00
Ni,fcc,EAM_Dynamo_MishinFarkasMehl_1999_Ni__MO_400591584784_006,Mishin-1999,248.70,148.17,126.03,181.68,1999--Mishin-Y--Ni--LAMMPS--ipr1,1999--Mishin-Y-Farkas-D-Mehl-M-J-Papaconstantopoulos-D-A--Ni,1.00
Ni,fcc,EAM_Dynamo_MishinMehlPapaconstantopoulos_2002_NiAl__MO_109933561507_006,Mishin-2002,634.81,315.75,136.09,422.10,2002--Mishin-Y--Ni-Al--LAMMPS--ipr1,2002--Mishin-Y-Mehl-M-J-Papaconstantopoulos-D-A--Ni-Al,1.00
Ni,fcc,EAM_Dynamo_Mishin_2004_NiAl__MO_101214310689_006,Mishin-2004,241.35,150.83,127.35,181.00,2004--Mishin-Y--Ni-Al--LAMMPS--ipr1,2004--Mishin-Y--Ni-Al,1.00
Ni,fcc,EAM_Dynamo_OnatDurukanoglu_2014_CuNi__MO_592013496703_006,Onat-2014,247.01,147.98,125.52,180.99,2013--Onat-B--Cu-Ni--LAMMPS--ipr1,2013--Onat-B-Durukanoglu-S--Cu-Ni,0.80
Ni,fcc,EAM_Dynamo_PanBorovikovMendelev_2108_AgNi__MO_222110751402_001,Pan-2108,246.95,147.25,122.78,180.49,,,0.00
Ni,fcc,EAM_Dynamo_PunMishin_2009_NiAl__MO_751354403791_006,Pun-2009,241.35,150.84,127.35,181.01,,,0.00
Ni,fcc,EAM_Dynamo_PunYamakovMishin_2013_NiAlCo__MO_826591359508_001,Pun-2013,241.35,150.84,127.35,181.01,,,0.00
Ni,fcc,EAM_Dynamo_PunYamakovMishin_2015_NiCo__MO_010613863288_001,Pun-2015,241.35,150.84,127.35,181.01,,,0.00
Ni,fcc,EAM_Dynamo_SamolyukBelandStocks_2016_NiPd__MO_532072268679_001,Samolyuk-2016,241.19,150.73,127.27,180.88,2016--Samolyuk-G-D--Ni-Pd--LAMMPS--ipr1,2016--Samolyuk-G-D-Beland-L-K-Stocks-G-M-Stoller-R-E--Ni-Pd,1.00
Ni,fcc,EAM_Dynamo_StollerTammBeland_2016_Ni__MO_103383163946_001,Stoller-2016,241.32,150.81,127.34,180.98,2016--Stoller-R-E--Ni--LAMMPS--ipr1,2016--Stoller-R-E-Tamm-A-Beland-L-K-et-al--Ni,1.00
Ni,fcc,EAM_Dynamo_TehranchiCurtin_2010_NiH__MO_535504325462_004,Tehranchi-2010,254.52,149.72,130.67,184.65,,,0.00
Ni,fcc,EAM_Dynamo_VoterChen_1993_Ni__MO_071073566434_001,Voter-1993,241.31,145.54,125.68,177.46,,,0.00
Ni,fcc,EAM_Dynamo_WilsonMendelev_2015_NiZr__MO_306032198193_001,Wilson-2015,246.95,147.25,122.78,180.49,2015--Wilson-S-R--Ni-Zr--LAMMPS--ipr1,2015--Wilson-S-R-Mendelev-M-I--Ni-Zr,1.00
Ni,fcc,EAM_Dynamo_ZhangAshcraftMendelev_2016_NiNb__MO_047308317761_001,Zhang-2016,240.14,157.13,123.48,184.80,2016--Zhang-Y--Ni-Nb--LAMMPS--ipr1,2016--Zhang-Y-Ashcraft-R-Mendelev-M-I-et-al--Ni-Nb,1.00
Ni,fcc,EAM_Dynamo_ZhouFosterSills_2018_FeNiCr__MO_036303866285_001,Zhou-2018,261.33,150.72,131.71,187.59,2018--Zhou-X-W--Fe-Ni-Cr--LAMMPS--ipr1,2018--Zhou-X-W-Foster-M-E-Sills-R-B--Fe-Ni-Cr,1.00
Ni,fcc,EAM_Dynamo_ZhouJohnsonWadley_2004NISTretabulation_Ni__MO_593762436933_001,EAM_Dynamo_ZhouJohnsonWadley_2004NISTret,315.07,147.10,168.85,203.09,,,0.00
Ni,fcc,EAM_Dynamo_ZhouJohnsonWadley_2004_CuAgAuNiPdPtAlPbFeMoTaWMgCoTiZr__MO_870117231765_001,Zhou-2004,246.81,147.34,124.85,180.50,2004--Zhou-X-W--Cu-Ag-Au-Ni-Pd-Pt-Al-Pb-Fe-Mo-Ta-W-Mg-Co-Ti-Zr--LAMMPS--ipr1,2004--Zhou-X-W-Johnson-R-A-Wadley-H-N-G--Cu-Ag-Au-Ni-Pd-Pt-Al-Pb-Fe-Mo-Ta-W-Mg-Co-Ti-Zr,1.00
Ni,fcc,EAM_Dynamo_ZhouJohnsonWadley_2004_Ni__MO_110256178378_006,Zhou-2004,316.40,147.98,169.19,204.12,2004--Zhou-X-W--Cu-Ag-Au-Ni-Pd-Pt-Al-Pb-Fe-Mo-Ta-W-Mg-Co-Ti-Zr--LAMMPS--ipr1,2004--Zhou-X-W-Johnson-R-A-Wadley-H-N-G--Cu-Ag-Au-Ni-Pd-Pt-Al-Pb-Fe-Mo-Ta-W-Mg-Co-Ti-Zr,1.00
Ni,fcc,EAM_IMD_BrommerGaehler_2006B_AlNiCo__MO_128037485276_003,EAM_IMD_BrommerGaehler_2006B_AlNiCo__MO_,24.24,9.04,9.03,14.11,,,0.00
Ni,fcc,EMT_Asap_Standard_JacobsenStoltzeNorskov_1996_AlAgAuCuNiPdPt__MO_115316750986_001,Jacobsen-1996,230.73,148.78,147.25,176.09,,,0.00
Ni,fcc,EMT_Asap_Standard_JacobsenStoltzeNorskov_1996_Ni__MO_108408461881_001,Jacobsen-1996,243.02,150.49,147.59,181.33,,,0.00
Ni,fcc,LJ_ElliottAkerson_2015_Universal__MO_959249795837_003,Elliott-2015,3187.63,1818.68,1822.46,2275.00,,,0.00
Ni,fcc,MEAM_LAMMPS_AsadiZaeemNouranian_2015_Ni__MO_700541006254_002,Asadi-2015,260.45,150.68,131.01,187.27,2015--Asadi-E--Ni--LAMMPS--ipr1,2015--Asadi-E-Asle-Zaeem-M-Nouranian-S-Baskes-M-I--Ni,1.00
Ni,fcc,MEAM_LAMMPS_ChoiJoSohn_2018_CoNiCrFeMn__MO_115454747503_002,Choi-2018,261.23,150.76,131.72,187.58,2018--Choi-W-M--Co-Ni-Cr-Fe-Mn--LAMMPS--ipr1,2018--Choi-W-M-Jo-Y-H-Sohn-S-S-et-al--Co-Ni-Cr-Fe-Mn,1.00
Ni,fcc,MEAM_LAMMPS_ChoiKimSeol_2017_NiMn__MO_348689608050_002,Choi-2017,261.23,150.76,131.72,187.58,2017--Choi-W-M--Mn-Ni--LAMMPS--ipr1,2017--Choi-W-M-Kim-Y-Seol-D-Lee-B-J--Mn-Ni,1.00
Ni,fcc,MEAM_LAMMPS_CostaAgrenClavaguera_2007_AlNi__MO_131642768288_002,Costa-2007,261.23,150.76,131.72,187.59,,,0.00
Ni,fcc,MEAM_LAMMPS_EtesamiAsadi_2018_Ni__MO_937008984446_002,Etesami-2018,255.32,155.80,129.86,188.97,2018--Etesami-S-A--Ni--LAMMPS--ipr1,2018--Etesami-S-A-Asadi-E--Ni,1.00
Ni,fcc,MEAM_LAMMPS_JeongParkDo_2018_PdNi__MO_008996216289_002,Jeong-2018,261.23,150.76,131.72,187.58,2018--Jeong-G-U--Pd-Ni--LAMMPS--ipr1,2018--Jeong-G-U-Park-C-S-Do-H-S-et-al--Pd-Ni,1.00
Ni,fcc,MEAM_LAMMPS_KavousiNovakBaskes_2019_NiTi__MO_050461957184_002,Kavousi-2019,260.87,148.35,112.08,185.85,2019--Kavousi-S--Ni-Ti--LAMMPS--ipr1,2019--Kavousi-S-Novak-B-R-Baskes-M-I-et-al--Ni-Ti,1.00
Ni,fcc,MEAM_LAMMPS_KimJungLee_2015_NiAlCo__MO_876687166519_002,Kim-2015,261.23,150.76,131.72,187.58,2015--Kim-Y-K--Ni-Al-Co--LAMMPS--ipr1,2015--Kim-Y-K-Jung-W-S-Lee-B-J--Ni-Al-Co,1.00
Ni,fcc,MEAM_LAMMPS_KimKimJung_2017_NiAlTi__MO_478967255435_002,Kim-2017,261.23,150.76,131.72,187.58,2017--Kim-J-S--Ni-Pt--LAMMPS--ipr1,2017--Kim-J-S-Seol-D-Ji-J-et-al--Ni-Pt,1.00
Ni,fcc,MEAM_LAMMPS_KimSeolJi_2017_PtNi__MO_020840179467_002,Kim-2017,243.96,143.03,124.06,176.67,2017--Kim-J-S--Ni-Pt--LAMMPS--ipr1,2017--Kim-J-S-Seol-D-Ji-J-et-al--Ni-Pt,1.00
Ni,fcc,MEAM_LAMMPS_KoGrabowskiNeugebauer_2015_NiTi__MO_663355627503_002,Ko-2015,260.36,148.60,111.12,185.85,2015--Ko-W-S--Ni-Ti--LAMMPS--ipr1,2015--Ko-W-S-Grabowski-B-Neugebauer-J--Ni-Ti,1.00
Ni,fcc,MEAM_LAMMPS_KoShimLee_2011_NiH__MO_091278480940_002,Ko-2011,261.23,150.76,131.72,187.58,2011--Ko-W-S--Ni-H--LAMMPS--ipr1,2011--Ko-W-S-Shim-J-H-Lee-B-J--Ni-H,1.00
Ni,fcc,MEAM_LAMMPS_LeeShimBaskes_2003_Ni__MO_000553624872_001,Lee-2003,261.23,150.76,131.72,187.58,2003--Lee-B-J--Ni--LAMMPS--ipr1,2003--Lee-B-J-Shim-J-H-Baskes-M-I--Ni,1.00
Ni,fcc,MEAM_LAMMPS_LeeShim_2004_NiCu__MO_409065472403_002,Lee-2004,261.23,150.76,131.72,187.58,2004--Lee-B-J--Cu-Ni--LAMMPS--ipr1,2004--Lee-B-J-Shim-J-H--Cu-Ni,1.00
Ni,fcc,MEAM_LAMMPS_MahataMukhopadhyayAsleZaeem_2022_AlNi__MO_461927113651_001,Mahata-2022,260.45,150.69,131.01,187.27,2022--Mahata-A--Al-Ni--LAMMPS--ipr1,2022--Mahata-A-Mukhopadhyay-T-Asle-Zaeem-M--Al-Ni,1.00
Ni,fcc,MEAM_LAMMPS_MaiselKoZhang_2017_VNiTi__MO_744610363128_002,Maisel-2017,260.36,148.60,111.12,185.85,2017--Maisel-S-B--V-Ni-Ti--LAMMPS--ipr1,2017--Maisel-S-B-Ko-W-S-Zhang-J-L-et-al--V-Ni-Ti,1.00
Ni,fcc,MEAM_LAMMPS_MurallesParkKim_NiTi__MO_182729415169_000,MEAM_LAMMPS_MurallesParkKim_NiTi__MO_182,245.09,177.39,133.11,199.96,,,0.00
Ni,fcc,MEAM_LAMMPS_SharifiWick_2025_FeMnNiTiCuCrCoAl__MO_675947402254_000,Sharifi-2025,216.91,170.62,110.83,186.05,2025--Sharifi-H--Co-Ni--LAMMPS--ipr1,2025--Sharifi-H-Wick-C-D--Co-Ni,1.00
Ni,fcc,MEAM_LAMMPS_ShimKoKim_2013_NiVH__MO_612225165948_002,Shim-2013,261.23,150.76,131.72,187.58,2013--Shim-J-H--V-Ni--LAMMPS--ipr1,2013--Shim-J-H-Ko-W-S-Kim-K-H-et-al--V-Ni,1.00
Ni,fcc,MEAM_LAMMPS_ShimParkCho_2003_NiW__MO_500937681860_002,Shim-2003,261.23,150.76,131.72,187.58,2003--Shim-J-H--Ni-W--LAMMPS--ipr1,2003--Shim-J-H-Park-S-I-Cho-Y-W-Lee-B-J--Ni-W,1.00
Ni,fcc,MEAM_LAMMPS_Wagner_2007_Ni__MO_444394830472_002,Wagner-2007,247.25,147.74,125.05,180.91,,,0.00
Ni,fcc,MEAM_LAMMPS_WuLeeSu_2017_NiCrFe__MO_912636107108_002,Wu-2017,261.23,150.76,131.72,187.58,2017--Wu-C--Ni-Cr--LAMMPS--ipr1,2017--Wu-C-Lee-B-J-Su-X--Ni-Cr,1.00
Ni,fcc,MEAM_LAMMPS_WuLeeSu_2017_NiCr__MO_880803040302_002,Wu-2017,261.23,150.76,131.72,187.58,2017--Wu-C--Ni-Cr--LAMMPS--ipr1,2017--Wu-C-Lee-B-J-Su-X--Ni-Cr,1.00
Ni,fcc,MEAM_LAMMPS_WuLeeSu_2017_NiFe__MO_321233176498_002,Wu-2017,261.23,150.76,131.72,187.58,2017--Wu-C--Ni-Cr--LAMMPS--ipr1,2017--Wu-C-Lee-B-J-Su-X--Ni-Cr,1.00
Ni,fcc,Morse_Shifted_GirifalcoWeizer_1959HighCutoff_Ni__MO_381861218831_004,Morse_Shifted_GirifalcoWeizer_1959HighCu,233.29,163.47,164.87,186.74,,,0.00
Ni,fcc,Morse_Shifted_GirifalcoWeizer_1959LowCutoff_Ni__MO_322509103239_004,Morse_Shifted_GirifalcoWeizer_1959LowCut,232.57,156.80,157.96,182.06,,,0.00
Ni,fcc,Morse_Shifted_GirifalcoWeizer_1959MedCutoff_Ni__MO_758825945924_004,Morse_Shifted_GirifalcoWeizer_1959MedCut,233.95,163.20,164.57,186.79,,,0.00
Ni,fcc,SNAP_LiHuChen_2018_NiMo__MO_468686727341_000,Li-2018,269.48,149.63,135.35,189.58,,,0.00
Ni,fcc,SNAP_LiHuChen_2018_Ni__MO_913991514986_000,Li-2018,276.00,159.00,132.01,198.00,,,0.00
Ni,fcc,SNAP_ZuoChenLi_2019_Ni__MO_365106510449_000,Zuo-2019,282.91,168.27,129.28,206.48,,,0.00
Ni,fcc,SNAP_ZuoChenLi_2019quadratic_Ni__MO_263593395744_000,SNAP_ZuoChenLi_2019quadratic_Ni__MO_2635,924557.66,740054.18,61594.41,801555.34,,,0.00
Ni,fcc,Sim_LAMMPS_ADP_MishinMehlPapaconstantopoulos_2005_Ni__SM_477692857359_000,Mishin-2005,242.41,150.31,129.60,181.01,2004--Mishin-Y--Ni-Al--LAMMPS--ipr1,2004--Mishin-Y--Ni-Al,0.80
Ni,fcc,Sim_LAMMPS_ADP_XuWangQian_2022_NiPd__SM_559286646876_000,Xu-2022,261.24,150.85,131.42,187.65,2022--Xu-Y--Ni-Pd--LAMMPS--ipr1,2022--Xu-Y-Wang-G-Qian-P-Su-Y--Ni-Pd,1.00
Ni,fcc,Sim_LAMMPS_ADP_XuWangQian_2022_NiRh__SM_306597220004_000,Xu-2022,261.25,150.85,131.42,187.65,2022--Xu-Y--Ni-Pd--LAMMPS--ipr1,2022--Xu-Y-Wang-G-Qian-P-Su-Y--Ni-Pd,1.00
Ni,fcc,Sim_LAMMPS_HybridOverlay_BelandLuOsetskiy_2016_CoNi__SM_445377835613_001,Beland-2016,241.23,150.76,127.27,180.92,2016--Beland-L-K--Ni-Co--LAMMPS--ipr1,2016--Beland-L-K-Lu-C-Osetskiy-Y-N-et-al--Ni-Co,1.00
Ni,fcc,Sim_LAMMPS_MEAM_KoGrabowskiNeugebauer_2015_NiTi__SM_770142935022_000,Ko-2015,260.36,148.60,111.12,185.85,2015--Ko-W-S--Ni-Ti--LAMMPS--ipr1,2015--Ko-W-S-Grabowski-B-Neugebauer-J--Ni-Ti,1.00
Ni,fcc,Sim_LAMMPS_MEAM_MaiselKoZhang_2017_VNiTi__SM_971529344487_000,Maisel-2017,260.36,148.60,111.12,185.85,2017--Maisel-S-B--V-Ni-Ti--LAMMPS--ipr1,2017--Maisel-S-B-Ko-W-S-Zhang-J-L-et-al--V-Ni-Ti,1.00
Ni,fcc,Sim_LAMMPS_MEAM_Wagner_2007_Ni__SM_168413969663_000,Wagner-2007,247.25,147.74,125.05,180.91,,,0.00
